{"type":"FeatureCollection","attribution":"\u00a9 OpenStreetMap contributors","license":"https://opendatacommons.org/licenses/odbl/1-0/","source":"https://api.openstreetmap.org/api/0.6/map?bbox=4.437,51.288,4.452,51.2945","retrieved":"2026-09-07","features":[{"type":"Feature","id":"way/6182930","properties":{"layer":"road","name":"Sint-Antoniuslei","highway":"residential"},"geometry":{"type":"LineString","coordinates":[[4.4472503,51.2968152],[4.4472051,51.2967345],[4.4470715,51.2964958],[4.4469769,51.2963267],[4.4466225,51.2956935],[4.4465959,51.295646],[4.4460628,51.2946935],[4.4460318,51.2946381],[4.4456463,51.2939493]]}},{"type":"Feature","id":"way/22929628","properties":{"layer":"road","name":"Frilinglei","highway":"residential"},"geometry":{"type":"LineString","coordinates":[[4.446338,51.2891169],[4.4533514,51.2893856]]}},{"type":"Feature","id":"way/22929679","properties":{"layer":"road","name":"Molenweg","highway":"tertiary"},"geometry":{"type":"LineString","coordinates":[[4.4506248,51.2924882],[4.4505564,51.2924872],[4.4504887,51.2924918],[4.4504193,51.2924991],[4.4503721,51.2925009],[4.4498224,51.292456],[4.4481664,51.2921188],[4.4481363,51.2921167],[4.4480293,51.2921093]]}},{"type":"Feature","id":"way/22929715","properties":{"layer":"road","name":"Zwemdoklei","highway":"residential"},"geometry":{"type":"LineString","coordinates":[[4.4523425,51.2929026],[4.4523043,51.2929726],[4.45184,51.2936819],[4.4518041,51.2937392],[4.451775,51.2937938],[4.4511902,51.2946341],[4.4511548,51.2946871]]}},{"type":"Feature","id":"way/22929716","properties":{"layer":"road","name":"Jacobuslei","highway":"residential"},"geometry":{"type":"LineString","coordinates":[[4.4454863,51.2936647],[4.4457715,51.2937443],[4.4458167,51.2937571],[4.4466336,51.2939921],[4.4467803,51.2940595]]}},{"type":"Feature","id":"way/22929717","properties":{"layer":"road","name":"Jacobuslei","highway":"residential"},"geometry":{"type":"LineString","coordinates":[[4.4467803,51.2940595],[4.4465407,51.294052],[4.4458982,51.2939641]]}},{"type":"Feature","id":"way/22929718","properties":{"layer":"road","name":"Jacobuslei","highway":"residential"},"geometry":{"type":"LineString","coordinates":[[4.4467803,51.2940595],[4.4469984,51.294106]]}},{"type":"Feature","id":"way/22929787","properties":{"layer":"road","name":"Annadreef","highway":"residential"},"geometry":{"type":"LineString","coordinates":[[4.4480293,51.2921093],[4.4480174,51.2921353],[4.4480048,51.2921628],[4.4476415,51.2928133],[4.4474335,51.2932367],[4.4473738,51.2933607],[4.4470355,51.2940538],[4.4469984,51.294106]]}},{"type":"Feature","id":"way/22929791","properties":{"layer":"road","name":"Carolinalei","highway":"residential"},"geometry":{"type":"LineString","coordinates":[[4.4434468,51.2931054],[4.4435446,51.2931305],[4.4453105,51.2936139],[4.4453777,51.2936333],[4.4454863,51.2936647]]}},{"type":"Feature","id":"way/22929793","properties":{"layer":"road","name":"Vrijwilligerslei","highway":"residential"},"geometry":{"type":"LineString","coordinates":[[4.4458167,51.2937571],[4.4458379,51.2937217],[4.4460863,51.2929897],[4.4461105,51.2928969],[4.4461145,51.2927882],[4.4460541,51.2927031],[4.4452876,51.2922148],[4.4447881,51.2923177],[4.4447443,51.2923267]]}},{"type":"Feature","id":"way/23373774","properties":{"layer":"road","name":"Schriek","highway":"tertiary"},"geometry":{"type":"LineString","coordinates":[[4.4372026,51.290452],[4.4373285,51.290459],[4.4376307,51.290502],[4.4378765,51.2905588],[4.4386149,51.2907624],[4.4390883,51.2908844],[4.439518,51.2909793],[4.439624,51.290999],[4.4409285,51.291241]]}},{"type":"Feature","id":"way/23373778","properties":{"layer":"road","name":"Edward Caertsstraat","highway":"residential"},"geometry":{"type":"LineString","coordinates":[[4.4372026,51.290452],[4.4371933,51.2903729],[4.4372011,51.2903272]]}},{"type":"Feature","id":"way/23373799","properties":{"layer":"road","name":"Leopoldlei","highway":"residential"},"geometry":{"type":"LineString","coordinates":[[4.4415063,51.2899435],[4.4409285,51.291241]]}},{"type":"Feature","id":"way/23373810","properties":{"layer":"road","name":"Karel De Wintstraat","highway":"residential"},"geometry":{"type":"LineString","coordinates":[[4.4394587,51.2894154],[4.4386149,51.2907624]]}},{"type":"Feature","id":"way/23373820","properties":{"layer":"road","name":"Frans Standaertlei","highway":"residential"},"geometry":{"type":"LineString","coordinates":[[4.4350604,51.2916503],[4.4365443,51.2920577],[4.4380448,51.2924747]]}},{"type":"Feature","id":"way/23373823","properties":{"layer":"road","name":"Leopoldlei","highway":"residential"},"geometry":{"type":"LineString","coordinates":[[4.4409285,51.291241],[4.4401534,51.2930498]]}},{"type":"Feature","id":"way/23373828","properties":{"layer":"road","name":"Leo Vermandellei","highway":"residential"},"geometry":{"type":"LineString","coordinates":[[4.4397838,51.2939561],[4.4401182,51.2943295]]}},{"type":"Feature","id":"way/23373829","properties":{"layer":"road","name":"Leo Vermandellei","highway":"residential"},"geometry":{"type":"LineString","coordinates":[[4.4401182,51.2943295],[4.43954,51.2943857]]}},{"type":"Feature","id":"way/23373830","properties":{"layer":"road","name":"Schriek","highway":"tertiary"},"geometry":{"type":"LineString","coordinates":[[4.4409285,51.291241],[4.4417638,51.2914035],[4.4422787,51.2914894],[4.4425963,51.2914894],[4.4429825,51.2915001],[4.4434203,51.2915645],[4.444117,51.2916611],[4.444357,51.2916942],[4.4443692,51.2916967],[4.4444619,51.2917159]]}},{"type":"Feature","id":"way/23373836","properties":{"layer":"road","name":"Leo Vermandellei","highway":"residential"},"geometry":{"type":"LineString","coordinates":[[4.4401182,51.2943295],[4.4419841,51.2949868],[4.4420835,51.2950098]]}},{"type":"Feature","id":"way/23373841","properties":{"layer":"road","name":"Kapelsesteenweg","highway":"primary"},"geometry":{"type":"LineString","coordinates":[[4.4420835,51.2950098],[4.4425043,51.2944269],[4.4429447,51.2938166],[4.4434468,51.2931054],[4.4441234,51.2921782]]}},{"type":"Feature","id":"way/23383553","properties":{"layer":"road","name":"Bist","highway":"residential"},"geometry":{"type":"LineString","coordinates":[[4.4366815,51.2816669],[4.4366882,51.2816977],[4.436694,51.2817222],[4.4367213,51.2819368],[4.43654,51.2827318],[4.4365726,51.2829333],[4.4366231,51.2830188],[4.4368816,51.2834808],[4.4373794,51.2840982],[4.4379796,51.2847762],[4.4386578,51.2855904],[4.4389752,51.2859572],[4.4396239,51.286607],[4.4401083,51.2870837],[4.4407565,51.287667],[4.441982,51.2886847]]}},{"type":"Feature","id":"way/28963931","properties":{"layer":"road","name":"Korte Bist","highway":"residential"},"geometry":{"type":"LineString","coordinates":[[4.4431677,51.2896264],[4.4431328,51.2896747],[4.4431139,51.2897122],[4.4429645,51.2903306]]}},{"type":"Feature","id":"way/28963932","properties":{"layer":"road","name":"Alfons De Schutterstraat","highway":"residential"},"geometry":{"type":"LineString","coordinates":[[4.4434203,51.2915645],[4.4422004,51.2930065],[4.4417613,51.2935067]]}},{"type":"Feature","id":"way/28963934","properties":{"layer":"road","name":"Nijverheidslei","highway":"residential"},"geometry":{"type":"LineString","coordinates":[[4.4380448,51.2924747],[4.4382544,51.2917186],[4.4384396,51.291076],[4.4386149,51.2907624]]}},{"type":"Feature","id":"way/28963936","properties":{"layer":"road","name":"Kapelstraat","highway":"residential"},"geometry":{"type":"LineString","coordinates":[[4.4385072,51.2891225],[4.4386528,51.2890933],[4.4390335,51.2886375]]}},{"type":"Feature","id":"way/28963938","properties":{"layer":"road","name":"Edward Caertsstraat","highway":"residential"},"geometry":{"type":"LineString","coordinates":[[4.4386528,51.2890933],[4.4382028,51.288941]]}},{"type":"Feature","id":"way/28963941","properties":{"layer":"road","name":"Gerarduslei","highway":"residential"},"geometry":{"type":"LineString","coordinates":[[4.4377612,51.2934996],[4.4362764,51.2929844]]}},{"type":"Feature","id":"way/28963943","properties":{"layer":"road","name":"Van De Weyngaertlei","highway":"residential"},"geometry":{"type":"LineString","coordinates":[[4.43954,51.2943857],[4.4395811,51.2945139],[4.4398704,51.295602],[4.4399008,51.2957165]]}},{"type":"Feature","id":"way/28963944","properties":{"layer":"road","name":"Willy Staeslei","highway":"residential"},"geometry":{"type":"LineString","coordinates":[[4.444357,51.2916942],[4.4443324,51.291582],[4.4440902,51.2911559],[4.44397,51.2909348],[4.4437646,51.2906108],[4.4436827,51.2905547],[4.4429645,51.2903306],[4.4415063,51.2899435],[4.4394587,51.2894154]]}},{"type":"Feature","id":"way/28963945","properties":{"layer":"road","name":"Edward Caertsstraat","highway":"residential"},"geometry":{"type":"LineString","coordinates":[[4.4372011,51.2903272],[4.4382739,51.2893296],[4.4384384,51.2891611],[4.4385072,51.2891225]]}},{"type":"Feature","id":"way/28963948","properties":{"layer":"road","name":"Antverpiastraat","highway":"residential"},"geometry":{"type":"LineString","coordinates":[[4.4401083,51.2870837],[4.4390335,51.2886375]]}},{"type":"Feature","id":"way/28963949","properties":{"layer":"road","name":"Weerstandersstraat","highway":"living_street"},"geometry":{"type":"LineString","coordinates":[[4.4406455,51.2891145],[4.4403748,51.2889327],[4.4399493,51.2886858],[4.4397893,51.2888042],[4.4397176,51.288861],[4.4395766,51.2888555],[4.4390335,51.2886375]]}},{"type":"Feature","id":"way/29356160","properties":{"layer":"road","name":"Gezondheidslei","highway":"residential"},"geometry":{"type":"LineString","coordinates":[[4.4503423,51.2958744],[4.4502796,51.2958551],[4.4480042,51.2952306],[4.4478991,51.2952],[4.4462121,51.2947247],[4.4460628,51.2946935],[4.4459523,51.2946593],[4.4458821,51.2946375],[4.4430256,51.2938383],[4.4429447,51.2938166]]}},{"type":"Feature","id":"way/29494432","properties":{"layer":"road","name":"Isabellalei","highway":"residential"},"geometry":{"type":"LineString","coordinates":[[4.441982,51.2886847],[4.4420118,51.2886578],[4.4445885,51.2863252],[4.4448147,51.2862677],[4.4449158,51.2861806],[4.4451006,51.2860246]]}},{"type":"Feature","id":"way/30045829","properties":{"layer":"road","name":"De Vroente","highway":"residential"},"geometry":{"type":"LineString","coordinates":[[4.4483915,51.2943159],[4.4483706,51.2943535],[4.4478991,51.2952]]}},{"type":"Feature","id":"way/30045882","properties":{"layer":"road","name":"Grotlei","highway":"residential"},"geometry":{"type":"LineString","coordinates":[[4.4518041,51.2937392],[4.4518501,51.2937552],[4.4527884,51.2941333],[4.453003,51.2941937],[4.4542792,51.2943531]]}},{"type":"Feature","id":"way/31056290","properties":{"layer":"road","name":"Willy Staeslei","highway":"residential"},"geometry":{"type":"LineString","coordinates":[[4.4394587,51.2894154],[4.4388475,51.2892553],[4.4385072,51.2891225]]}},{"type":"Feature","id":"way/31056300","properties":{"layer":"road","name":"Korte Bist","highway":"residential"},"geometry":{"type":"LineString","coordinates":[[4.4425963,51.2914894],[4.4429645,51.2903306]]}},{"type":"Feature","id":"way/31247519","properties":{"layer":"road","name":"Van De Weyngaertplein","highway":"residential"},"geometry":{"type":"LineString","coordinates":[[4.43954,51.2943857],[4.4393252,51.2943021],[4.4392451,51.2942779],[4.4386829,51.2940806],[4.4382438,51.2939234],[4.4376873,51.2937248]]}},{"type":"Feature","id":"way/31320882","properties":{"layer":"road","name":"Willy Staeslei","highway":"living_street"},"geometry":{"type":"LineString","coordinates":[[4.4388475,51.2892553],[4.4386058,51.2894631],[4.4382739,51.2893296]]}},{"type":"Feature","id":"way/35978646","properties":{"layer":"road","name":"Rochuslei","highway":"residential"},"geometry":{"type":"LineString","coordinates":[[4.4425043,51.2944269],[4.4465023,51.295642],[4.4465959,51.295646]]}},{"type":"Feature","id":"way/48601302","properties":{"layer":"road","name":"Lage Kaart","highway":"tertiary"},"geometry":{"type":"LineString","coordinates":[[4.4506248,51.2924882],[4.4506528,51.292495],[4.4523425,51.2929026],[4.4545975,51.2934186]]}},{"type":"Feature","id":"way/48601359","properties":{"layer":"road","name":"Molenweg","highway":"residential"},"geometry":{"type":"LineString","coordinates":[[4.445534,51.2912714],[4.445346,51.2915294]]}},{"type":"Feature","id":"way/48601510","properties":{"layer":"road","name":"Molenweg","highway":"tertiary"},"geometry":{"type":"LineString","coordinates":[[4.4480293,51.2921093],[4.4479251,51.292084],[4.4458215,51.2916482],[4.4457777,51.2916348],[4.44572,51.2916171],[4.4456184,51.2915859],[4.445346,51.2915294],[4.4448819,51.2914406],[4.4446929,51.2914044]]}},{"type":"Feature","id":"way/48601645","properties":{"layer":"building","name":"Katerheidemolen"},"geometry":{"type":"LineString","coordinates":[[4.4450751,51.2912446],[4.4450682,51.2912559],[4.4450679,51.2912679],[4.4450741,51.2912793],[4.4450863,51.2912886],[4.4451028,51.2912948],[4.4451216,51.2912971],[4.4451431,51.2912946],[4.4451595,51.2912883],[4.4451714,51.2912788],[4.4451774,51.2912674],[4.4451768,51.2912554],[4.4451687,51.2912432],[4.4451554,51.2912345],[4.4451381,51.2912292],[4.445119,51.2912279],[4.4451003,51.2912307],[4.4450843,51.2912374],[4.4450751,51.2912446]]}},{"type":"Feature","id":"way/48601815","properties":{"layer":"road","name":"Jacobuslei","highway":"residential"},"geometry":{"type":"LineString","coordinates":[[4.4469984,51.294106],[4.4472595,51.2941502],[4.4483915,51.2943159],[4.4484677,51.2943256],[4.4494879,51.2944554],[4.4495609,51.2944647],[4.4510749,51.2946744],[4.4511548,51.2946871]]}},{"type":"Feature","id":"way/48601820","properties":{"layer":"road","name":"Sint-Antoniuslei","highway":"residential"},"geometry":{"type":"LineString","coordinates":[[4.4456463,51.2939493],[4.4454863,51.2936647]]}},{"type":"Feature","id":"way/48603973","properties":{"layer":"road","name":"de Caterslei","highway":"tertiary"},"geometry":{"type":"LineString","coordinates":[[4.4457273,51.28995],[4.4461629,51.2900385],[4.4462773,51.290072],[4.4463812,51.2901183],[4.4464735,51.2901661],[4.4475084,51.2907233],[4.4479149,51.290928],[4.4481468,51.2910253],[4.4489971,51.2913306],[4.4494692,51.2915025],[4.4495322,51.2915319],[4.4497307,51.2916853],[4.4499131,51.2918388],[4.4503467,51.2922717],[4.4504978,51.2923774],[4.4505213,51.2923978],[4.4505697,51.2924468],[4.4506248,51.2924882]]}},{"type":"Feature","id":"way/48604055","properties":{"layer":"road","name":"Kapelsesteenweg","highway":"primary"},"geometry":{"type":"LineString","coordinates":[[4.4457273,51.28995],[4.446338,51.2891169]]}},{"type":"Feature","id":"way/48604056","properties":{"layer":"road","name":"Kapelsesteenweg","highway":"primary"},"geometry":{"type":"LineString","coordinates":[[4.4446929,51.2914044],[4.4447505,51.291327],[4.4449063,51.2911114]]}},{"type":"Feature","id":"way/77397616","properties":{"layer":"road","name":"Kapelsesteenweg","highway":"primary"},"geometry":{"type":"LineString","coordinates":[[4.446338,51.2891169],[4.446484,51.2889132],[4.4473529,51.2877005],[4.447676,51.2872571],[4.4479807,51.2868299],[4.4491726,51.285184],[4.4494647,51.2847685]]}},{"type":"Feature","id":"way/162815977","properties":{"layer":"road","name":"Van De Weyngaertplein","highway":"residential"},"geometry":{"type":"LineString","coordinates":[[4.4378151,51.2933103],[4.438086,51.2933992],[4.4384279,51.2935179],[4.4387983,51.2936464],[4.4389791,51.2937126],[4.4393619,51.2938418],[4.4394651,51.2938496],[4.4395683,51.2938865]]}},{"type":"Feature","id":"way/261844837","properties":{"layer":"road","name":"Bist","highway":"residential"},"geometry":{"type":"LineString","coordinates":[[4.4431677,51.2896264],[4.4433259,51.2896664],[4.4435141,51.2897005],[4.4436768,51.2897205],[4.445347,51.2899261],[4.4455574,51.289965],[4.4456952,51.2899947]]}},{"type":"Feature","id":"way/285802393","properties":{"layer":"road","name":"Nijverheidslei","highway":"residential"},"geometry":{"type":"LineString","coordinates":[[4.4380448,51.2924747],[4.4378353,51.2932367],[4.4378151,51.2933103],[4.437791,51.2933948],[4.4377612,51.2934996]]}},{"type":"Feature","id":"way/285802394","properties":{"layer":"road","name":"Frans Standaertlei","highway":"residential"},"geometry":{"type":"LineString","coordinates":[[4.4380448,51.2924747],[4.4401534,51.2930498]]}},{"type":"Feature","id":"way/285802396","properties":{"layer":"road","name":"Frans Standaertlei","highway":"residential"},"geometry":{"type":"LineString","coordinates":[[4.4429447,51.2938166],[4.4417613,51.2935067]]}},{"type":"Feature","id":"way/285803264","properties":{"layer":"road","name":"Nijverheidslei","highway":"residential"},"geometry":{"type":"LineString","coordinates":[[4.4377612,51.2934996],[4.4376873,51.2937248]]}},{"type":"Feature","id":"way/289038037","properties":{"layer":"road","name":"Kapelsesteenweg","highway":"primary"},"geometry":{"type":"LineString","coordinates":[[4.4442182,51.2920483],[4.4442592,51.2919924],[4.4442942,51.2919454],[4.4443606,51.2918515]]}},{"type":"Feature","id":"way/289038046","properties":{"layer":"road","name":"Kapelsesteenweg","highway":"primary"},"geometry":{"type":"LineString","coordinates":[[4.4449063,51.2911114],[4.4449985,51.2909659]]}},{"type":"Feature","id":"way/289038055","properties":{"layer":"road","name":"Kapelsesteenweg","highway":"primary"},"geometry":{"type":"LineString","coordinates":[[4.4444619,51.2917159],[4.4445269,51.2916267],[4.444547,51.2915971],[4.4445923,51.2915344]]}},{"type":"Feature","id":"way/289038059","properties":{"layer":"road","name":"Kapelsesteenweg","highway":"primary"},"geometry":{"type":"LineString","coordinates":[[4.4443606,51.2918515],[4.4444619,51.2917159]]}},{"type":"Feature","id":"way/289038062","properties":{"layer":"road","name":"Kapelsesteenweg","highway":"primary"},"geometry":{"type":"LineString","coordinates":[[4.4445923,51.2915344],[4.4446929,51.2914044]]}},{"type":"Feature","id":"way/289038063","properties":{"layer":"road","name":"Kapelsesteenweg","highway":"primary"},"geometry":{"type":"LineString","coordinates":[[4.4441234,51.2921782],[4.4442182,51.2920483]]}},{"type":"Feature","id":"way/289038070","properties":{"layer":"road","name":"Kapelsesteenweg","highway":"primary"},"geometry":{"type":"LineString","coordinates":[[4.4449985,51.2909659],[4.4452956,51.2905518],[4.4456174,51.2901033],[4.4456952,51.2899947],[4.4457273,51.28995]]}},{"type":"Feature","id":"way/321745258","properties":{"layer":"road","name":"Jacobuslei","highway":"residential"},"geometry":{"type":"LineString","coordinates":[[4.4458982,51.2939641],[4.4457552,51.2939488],[4.4456463,51.2939493]]}},{"type":"Feature","id":"way/321745275","properties":{"layer":"road","name":"Sint-Antoniuslei","highway":"residential"},"geometry":{"type":"LineString","coordinates":[[4.4446202,51.292103],[4.4445463,51.2919643],[4.4445101,51.2919228],[4.4444666,51.2918946],[4.4444481,51.2918827],[4.4444315,51.2918768],[4.4443606,51.2918515]]}},{"type":"Feature","id":"way/339915458","properties":{"layer":"road","name":"Nijverheidslei","highway":"residential"},"geometry":{"type":"LineString","coordinates":[[4.4376873,51.2937248],[4.4374265,51.2946804]]}},{"type":"Feature","id":"way/370591201","properties":{"layer":"building"},"geometry":{"type":"LineString","coordinates":[[4.4375546,51.2936234],[4.4373577,51.2936016],[4.4373383,51.2936706],[4.4375351,51.2936923],[4.4375546,51.2936234]]}},{"type":"Feature","id":"way/370591202","properties":{"layer":"building"},"geometry":{"type":"LineString","coordinates":[[4.4375285,51.2937205],[4.4374021,51.2937085],[4.4373915,51.2937519],[4.4375179,51.2937639],[4.4375285,51.2937205]]}},{"type":"Feature","id":"way/370591203","properties":{"layer":"building"},"geometry":{"type":"LineString","coordinates":[[4.437902,51.2944236],[4.4376627,51.2944031],[4.4376497,51.2944625],[4.4377804,51.2944731],[4.437889,51.294483],[4.437902,51.2944236]]}},{"type":"Feature","id":"way/370591204","properties":{"layer":"building"},"geometry":{"type":"LineString","coordinates":[[4.4373915,51.2937519],[4.4373787,51.2938044],[4.4375051,51.2938165],[4.4375179,51.2937639],[4.4373915,51.2937519]]}},{"type":"Feature","id":"way/370591205","properties":{"layer":"building"},"geometry":{"type":"LineString","coordinates":[[4.4377804,51.2944731],[4.4376497,51.2944625],[4.4376343,51.2945363],[4.437765,51.294547],[4.4377804,51.2944731]]}},{"type":"Feature","id":"way/370591206","properties":{"layer":"building"},"geometry":{"type":"LineString","coordinates":[[4.4375051,51.2938165],[4.4373787,51.2938044],[4.4373687,51.2938454],[4.4374951,51.2938574],[4.4375051,51.2938165]]}},{"type":"Feature","id":"way/370591207","properties":{"layer":"building"},"geometry":{"type":"LineString","coordinates":[[4.4373687,51.2938454],[4.437357,51.2938931],[4.4374835,51.2939052],[4.4374951,51.2938574],[4.4373687,51.2938454]]}},{"type":"Feature","id":"way/370591208","properties":{"layer":"building"},"geometry":{"type":"LineString","coordinates":[[4.4383005,51.2910429],[4.4381722,51.2910292],[4.4381553,51.2910913],[4.4382836,51.291105],[4.4383005,51.2910429]]}},{"type":"Feature","id":"way/370591210","properties":{"layer":"building"},"geometry":{"type":"LineString","coordinates":[[4.4374835,51.2939052],[4.437357,51.2938931],[4.4373449,51.2939428],[4.4374713,51.2939549],[4.4374835,51.2939052]]}},{"type":"Feature","id":"way/370591214","properties":{"layer":"building"},"geometry":{"type":"LineString","coordinates":[[4.4374523,51.2939988],[4.4373184,51.2939817],[4.4372953,51.2940529],[4.4374291,51.29407],[4.4374523,51.2939988]]}},{"type":"Feature","id":"way/370591216","properties":{"layer":"building"},"geometry":{"type":"LineString","coordinates":[[4.4372953,51.2940529],[4.4372712,51.2941269],[4.4374051,51.294144],[4.4374291,51.29407],[4.4372953,51.2940529]]}},{"type":"Feature","id":"way/370591218","properties":{"layer":"building"},"geometry":{"type":"LineString","coordinates":[[4.4373944,51.2941895],[4.4372627,51.2941724],[4.4372415,51.2942364],[4.4373731,51.2942534],[4.4373944,51.2941895]]}},{"type":"Feature","id":"way/370591219","properties":{"layer":"building"},"geometry":{"type":"LineString","coordinates":[[4.4372415,51.2942364],[4.4372231,51.2942918],[4.4373547,51.2943089],[4.4373731,51.2942534],[4.4372415,51.2942364]]}},{"type":"Feature","id":"way/370591220","properties":{"layer":"building"},"geometry":{"type":"LineString","coordinates":[[4.4373519,51.294356],[4.4372116,51.2943408],[4.4371962,51.2943963],[4.4373365,51.2944116],[4.4373519,51.294356]]}},{"type":"Feature","id":"way/370591221","properties":{"layer":"building"},"geometry":{"type":"LineString","coordinates":[[4.4371962,51.2943963],[4.4371796,51.2944559],[4.4373199,51.2944711],[4.4373365,51.2944116],[4.4371962,51.2943963]]}},{"type":"Feature","id":"way/370591222","properties":{"layer":"building"},"geometry":{"type":"LineString","coordinates":[[4.4387137,51.2915885],[4.4384891,51.2915648],[4.4384709,51.2916321],[4.4386956,51.2916559],[4.4387137,51.2915885]]}},{"type":"Feature","id":"way/370591231","properties":{"layer":"building"},"geometry":{"type":"LineString","coordinates":[[4.4384709,51.2916321],[4.4384564,51.2916858],[4.4386811,51.2917095],[4.4386956,51.2916559],[4.4384709,51.2916321]]}},{"type":"Feature","id":"way/370591232","properties":{"layer":"building"},"geometry":{"type":"LineString","coordinates":[[4.4386811,51.2917095],[4.4384564,51.2916858],[4.4384401,51.2917464],[4.4386647,51.2917701],[4.4386811,51.2917095]]}},{"type":"Feature","id":"way/370591233","properties":{"layer":"building"},"geometry":{"type":"LineString","coordinates":[[4.4384401,51.2917464],[4.4384238,51.2918066],[4.4386485,51.2918303],[4.4386647,51.2917701],[4.4384401,51.2917464]]}},{"type":"Feature","id":"way/370591234","properties":{"layer":"building"},"geometry":{"type":"LineString","coordinates":[[4.4382759,51.2911641],[4.4381121,51.2911444],[4.4380911,51.2912129],[4.4382549,51.2912325],[4.4382759,51.2911641]]}},{"type":"Feature","id":"way/370591235","properties":{"layer":"building"},"geometry":{"type":"LineString","coordinates":[[4.4386485,51.2918303],[4.4384238,51.2918066],[4.4384074,51.2918676],[4.438632,51.2918913],[4.4386485,51.2918303]]}},{"type":"Feature","id":"way/370591236","properties":{"layer":"building"},"geometry":{"type":"LineString","coordinates":[[4.4380911,51.2912129],[4.4380726,51.2912735],[4.4382364,51.2912931],[4.4382549,51.2912325],[4.4380911,51.2912129]]}},{"type":"Feature","id":"way/370591237","properties":{"layer":"building"},"geometry":{"type":"LineString","coordinates":[[4.4384074,51.2918676],[4.438392,51.2919246],[4.4386166,51.2919483],[4.438632,51.2918913],[4.4384074,51.2918676]]}},{"type":"Feature","id":"way/370591238","properties":{"layer":"building"},"geometry":{"type":"LineString","coordinates":[[4.4382364,51.2912931],[4.4380726,51.2912735],[4.4380527,51.2913383],[4.4382165,51.2913579],[4.4382364,51.2912931]]}},{"type":"Feature","id":"way/370591239","properties":{"layer":"building"},"geometry":{"type":"LineString","coordinates":[[4.4386166,51.2919483],[4.438392,51.2919246],[4.4383749,51.2919879],[4.4385996,51.2920116],[4.4386166,51.2919483]]}},{"type":"Feature","id":"way/370591240","properties":{"layer":"building"},"geometry":{"type":"LineString","coordinates":[[4.4383749,51.2919879],[4.4383598,51.2920437],[4.4385845,51.2920675],[4.4385996,51.2920116],[4.4383749,51.2919879]]}},{"type":"Feature","id":"way/370591241","properties":{"layer":"building"},"geometry":{"type":"LineString","coordinates":[[4.4385845,51.2920675],[4.4383598,51.2920437],[4.4383446,51.2921001],[4.4385693,51.2921238],[4.4385845,51.2920675]]}},{"type":"Feature","id":"way/370591242","properties":{"layer":"building"},"geometry":{"type":"LineString","coordinates":[[4.4378514,51.2913553],[4.4377033,51.291336],[4.437676,51.2914179],[4.4378241,51.2914372],[4.4378514,51.2913553]]}},{"type":"Feature","id":"way/370591243","properties":{"layer":"building"},"geometry":{"type":"LineString","coordinates":[[4.4383446,51.2921001],[4.4383277,51.2921626],[4.4385524,51.2921863],[4.4385693,51.2921238],[4.4383446,51.2921001]]}},{"type":"Feature","id":"way/370591244","properties":{"layer":"building"},"geometry":{"type":"LineString","coordinates":[[4.4381747,51.2915218],[4.4380467,51.2915058],[4.4380274,51.2915661],[4.4381554,51.2915821],[4.4381747,51.2915218]]}},{"type":"Feature","id":"way/370591245","properties":{"layer":"building"},"geometry":{"type":"LineString","coordinates":[[4.4380274,51.2915661],[4.438011,51.2916177],[4.4381389,51.2916337],[4.4381554,51.2915821],[4.4380274,51.2915661]]}},{"type":"Feature","id":"way/370591246","properties":{"layer":"building"},"geometry":{"type":"LineString","coordinates":[[4.4381389,51.2916337],[4.438011,51.2916177],[4.4379812,51.291711],[4.4381091,51.291727],[4.4381389,51.2916337]]}},{"type":"Feature","id":"way/370591247","properties":{"layer":"building"},"geometry":{"type":"LineString","coordinates":[[4.4381094,51.2917402],[4.4378883,51.2917138],[4.4378694,51.2917754],[4.4380905,51.2918019],[4.4381094,51.2917402]]}},{"type":"Feature","id":"way/370591248","properties":{"layer":"building"},"geometry":{"type":"LineString","coordinates":[[4.4380739,51.2918358],[4.4379388,51.2918196],[4.437921,51.2918775],[4.4380561,51.2918937],[4.4380739,51.2918358]]}},{"type":"Feature","id":"way/370591249","properties":{"layer":"building"},"geometry":{"type":"LineString","coordinates":[[4.4380152,51.2919033],[4.4378596,51.2918836],[4.4378455,51.2919273],[4.4380011,51.2919469],[4.4380152,51.2919033]]}},{"type":"Feature","id":"way/370591250","properties":{"layer":"building"},"geometry":{"type":"LineString","coordinates":[[4.4378455,51.2919273],[4.4378297,51.2919763],[4.4379853,51.291996],[4.4380011,51.2919469],[4.4378455,51.2919273]]}},{"type":"Feature","id":"way/370591251","properties":{"layer":"building"},"geometry":{"type":"LineString","coordinates":[[4.4379853,51.291996],[4.4378297,51.2919763],[4.437815,51.2920219],[4.4379706,51.2920416],[4.4379853,51.291996]]}},{"type":"Feature","id":"way/370591252","properties":{"layer":"building"},"geometry":{"type":"LineString","coordinates":[[4.4380043,51.2920586],[4.4378719,51.2920475],[4.4378589,51.2921079],[4.4379913,51.292119],[4.4380043,51.2920586]]}},{"type":"Feature","id":"way/370591253","properties":{"layer":"building"},"geometry":{"type":"LineString","coordinates":[[4.4382978,51.2926485],[4.4381511,51.2926291],[4.4381329,51.2926833],[4.4382796,51.2927026],[4.4382978,51.2926485]]}},{"type":"Feature","id":"way/370591254","properties":{"layer":"building"},"geometry":{"type":"LineString","coordinates":[[4.43788,51.2925178],[4.4377251,51.292505],[4.4377141,51.2925572],[4.4376938,51.2925555],[4.4376904,51.2925714],[4.4376083,51.2925646],[4.4375925,51.2926394],[4.4378499,51.2926606],[4.43788,51.2925178]]}},{"type":"Feature","id":"way/370591255","properties":{"layer":"building"},"geometry":{"type":"LineString","coordinates":[[4.438265,51.2927523],[4.4381279,51.2927366],[4.4381139,51.2927845],[4.438251,51.2928001],[4.438265,51.2927523]]}},{"type":"Feature","id":"way/370591256","properties":{"layer":"building"},"geometry":{"type":"LineString","coordinates":[[4.4378214,51.2927124],[4.4376876,51.2926996],[4.4376736,51.292757],[4.4378073,51.2927698],[4.4378214,51.2927124]]}},{"type":"Feature","id":"way/370591257","properties":{"layer":"building"},"geometry":{"type":"LineString","coordinates":[[4.4381139,51.2927845],[4.4380972,51.2928415],[4.4382343,51.2928572],[4.438251,51.2928001],[4.4381139,51.2927845]]}},{"type":"Feature","id":"way/370591258","properties":{"layer":"building"},"geometry":{"type":"LineString","coordinates":[[4.4377955,51.292808],[4.4376617,51.2927926],[4.4376464,51.2928449],[4.4377801,51.2928603],[4.4377955,51.292808]]}},{"type":"Feature","id":"way/370591259","properties":{"layer":"building"},"geometry":{"type":"LineString","coordinates":[[4.4382206,51.292873],[4.4380932,51.2928621],[4.4380823,51.2929123],[4.4382096,51.2929232],[4.4382206,51.292873]]}},{"type":"Feature","id":"way/370591260","properties":{"layer":"building"},"geometry":{"type":"LineString","coordinates":[[4.4376464,51.2928449],[4.4376283,51.2929062],[4.4377621,51.2929216],[4.4377801,51.2928603],[4.4376464,51.2928449]]}},{"type":"Feature","id":"way/370591261","properties":{"layer":"building"},"geometry":{"type":"LineString","coordinates":[[4.4380823,51.2929123],[4.4380718,51.2929601],[4.4381992,51.292971],[4.4382096,51.2929232],[4.4380823,51.2929123]]}},{"type":"Feature","id":"way/370591262","properties":{"layer":"building"},"geometry":{"type":"LineString","coordinates":[[4.4377621,51.2929216],[4.4376283,51.2929062],[4.4376146,51.2929532],[4.4377483,51.2929685],[4.4377621,51.2929216]]}},{"type":"Feature","id":"way/370591263","properties":{"layer":"building"},"geometry":{"type":"LineString","coordinates":[[4.4381992,51.292971],[4.4380718,51.2929601],[4.4380601,51.293014],[4.4381875,51.2930248],[4.4381992,51.292971]]}},{"type":"Feature","id":"way/370591264","properties":{"layer":"building"},"geometry":{"type":"LineString","coordinates":[[4.4376146,51.2929532],[4.4376018,51.2929966],[4.4377356,51.2930119],[4.4377483,51.2929685],[4.4376146,51.2929532]]}},{"type":"Feature","id":"way/370591265","properties":{"layer":"building"},"geometry":{"type":"LineString","coordinates":[[4.4380601,51.293014],[4.4380483,51.293068],[4.4381757,51.2930788],[4.4381875,51.2930248],[4.4380601,51.293014]]}},{"type":"Feature","id":"way/370591266","properties":{"layer":"building"},"geometry":{"type":"LineString","coordinates":[[4.4377242,51.2930239],[4.4375864,51.2930111],[4.4375777,51.2930476],[4.4377156,51.2930604],[4.4377242,51.2930239]]}},{"type":"Feature","id":"way/370591267","properties":{"layer":"building"},"geometry":{"type":"LineString","coordinates":[[4.4381757,51.2930788],[4.4380483,51.293068],[4.4380386,51.2931124],[4.438166,51.2931232],[4.4381757,51.2930788]]}},{"type":"Feature","id":"way/370591268","properties":{"layer":"building"},"geometry":{"type":"LineString","coordinates":[[4.4375777,51.2930476],[4.4375631,51.2931092],[4.4377009,51.293122],[4.4377156,51.2930604],[4.4375777,51.2930476]]}},{"type":"Feature","id":"way/370591269","properties":{"layer":"building"},"geometry":{"type":"LineString","coordinates":[[4.4377009,51.293122],[4.4375631,51.2931092],[4.4375509,51.2931606],[4.4376887,51.2931734],[4.4377009,51.293122]]}},{"type":"Feature","id":"way/370591270","properties":{"layer":"building"},"geometry":{"type":"LineString","coordinates":[[4.4375509,51.2931606],[4.4375378,51.2932158],[4.4376756,51.2932286],[4.4376887,51.2931734],[4.4375509,51.2931606]]}},{"type":"Feature","id":"way/370593194","properties":{"layer":"building"},"geometry":{"type":"LineString","coordinates":[[4.4393824,51.294456],[4.4392573,51.2944122],[4.4392137,51.2944609],[4.4393388,51.2945047],[4.4393824,51.294456]]}},{"type":"Feature","id":"way/370593205","properties":{"layer":"building"},"geometry":{"type":"LineString","coordinates":[[4.4392137,51.2944609],[4.4391701,51.2945096],[4.4392952,51.2945534],[4.4393388,51.2945047],[4.4392137,51.2944609]]}},{"type":"Feature","id":"way/370593254","properties":{"layer":"building"},"geometry":{"type":"LineString","coordinates":[[4.4399976,51.294494],[4.4398856,51.2945075],[4.4399105,51.2945883],[4.4400225,51.2945748],[4.4399976,51.294494]]}},{"type":"Feature","id":"way/370593792","properties":{"layer":"building"},"geometry":{"type":"LineString","coordinates":[[4.4409878,51.2943473],[4.4408977,51.2943209],[4.4408371,51.2944016],[4.4409272,51.294428],[4.4409878,51.2943473]]}},{"type":"Feature","id":"way/370593794","properties":{"layer":"building"},"geometry":{"type":"LineString","coordinates":[[4.440859,51.2943209],[4.4407853,51.2943],[4.440697,51.2944219],[4.4407708,51.2944428],[4.440859,51.2943209]]}},{"type":"Feature","id":"way/370593795","properties":{"layer":"building"},"geometry":{"type":"LineString","coordinates":[[4.440697,51.2944219],[4.4407853,51.2943],[4.44072,51.2942815],[4.4406317,51.2944034],[4.440697,51.2944219]]}},{"type":"Feature","id":"way/370593796","properties":{"layer":"building"},"geometry":{"type":"LineString","coordinates":[[4.44072,51.2942815],[4.4406403,51.2942589],[4.440552,51.2943808],[4.4406317,51.2944034],[4.44072,51.2942815]]}},{"type":"Feature","id":"way/370593797","properties":{"layer":"building"},"geometry":{"type":"LineString","coordinates":[[4.4408443,51.2941886],[4.4407303,51.294153],[4.4407001,51.2941907],[4.4408142,51.2942264],[4.4408443,51.2941886]]}},{"type":"Feature","id":"way/370593801","properties":{"layer":"building"},"geometry":{"type":"LineString","coordinates":[[4.4406381,51.2941151],[4.440511,51.2940803],[4.4404614,51.2941511],[4.4404944,51.2941602],[4.4404368,51.2942424],[4.440531,51.2942682],[4.4406381,51.2941151]]}},{"type":"Feature","id":"way/370593803","properties":{"layer":"building"},"geometry":{"type":"LineString","coordinates":[[4.4403575,51.2940053],[4.4404145,51.2939833],[4.4403591,51.293927],[4.4401412,51.2940109],[4.440236,51.2941073],[4.4403969,51.2940454],[4.4403575,51.2940053]]}},{"type":"Feature","id":"way/370593809","properties":{"layer":"building"},"geometry":{"type":"LineString","coordinates":[[4.4402926,51.2945224],[4.4401657,51.2944799],[4.4400929,51.2945648],[4.4402198,51.2946073],[4.4402926,51.2945224]]}},{"type":"Feature","id":"way/370593810","properties":{"layer":"building"},"geometry":{"type":"LineString","coordinates":[[4.4411974,51.2945796],[4.4412563,51.294506],[4.4411606,51.2944761],[4.4411018,51.2945497],[4.4411974,51.2945796]]}},{"type":"Feature","id":"way/370596461","properties":{"layer":"building"},"geometry":{"type":"LineString","coordinates":[[4.4390565,51.2935234],[4.4392209,51.2933337],[4.4389877,51.2932546],[4.4388263,51.2934409],[4.4387807,51.2934935],[4.4388362,51.2935123],[4.4388207,51.2935302],[4.4388885,51.2935532],[4.4389036,51.2935358],[4.4389214,51.2935418],[4.4389031,51.293563],[4.4389952,51.2935942],[4.4390565,51.2935234]]}},{"type":"Feature","id":"way/370596463","properties":{"layer":"building"},"geometry":{"type":"LineString","coordinates":[[4.438273,51.2932027],[4.4382086,51.2931809],[4.4381175,51.293286],[4.4381819,51.2933078],[4.438273,51.2932027]]}},{"type":"Feature","id":"way/370596464","properties":{"layer":"building"},"geometry":{"type":"LineString","coordinates":[[4.4381175,51.293286],[4.4382086,51.2931809],[4.4381463,51.2931598],[4.4380552,51.2932649],[4.4381175,51.293286]]}},{"type":"Feature","id":"way/370596466","properties":{"layer":"building"},"geometry":{"type":"LineString","coordinates":[[4.4380778,51.2939968],[4.437939,51.293952],[4.4378685,51.2940374],[4.4380072,51.2940822],[4.4380778,51.2939968]]}},{"type":"Feature","id":"way/370596468","properties":{"layer":"building"},"geometry":{"type":"LineString","coordinates":[[4.4394918,51.2936793],[4.439419,51.2936532],[4.439355,51.293723],[4.4394279,51.2937491],[4.4394918,51.2936793]]}},{"type":"Feature","id":"way/370596469","properties":{"layer":"building"},"geometry":{"type":"LineString","coordinates":[[4.4384397,51.2941186],[4.4383386,51.2940856],[4.4382481,51.294194],[4.4383492,51.294227],[4.4384397,51.2941186]]}},{"type":"Feature","id":"way/370596471","properties":{"layer":"building"},"geometry":{"type":"LineString","coordinates":[[4.4383581,51.2944383],[4.4382789,51.2944112],[4.4382422,51.2944531],[4.4383214,51.2944802],[4.4383581,51.2944383]]}},{"type":"Feature","id":"way/370596472","properties":{"layer":"building"},"geometry":{"type":"LineString","coordinates":[[4.4387822,51.2941663],[4.4387041,51.2941392],[4.4386352,51.2942168],[4.4387134,51.2942439],[4.4387822,51.2941663]]}},{"type":"Feature","id":"way/370596474","properties":{"layer":"building"},"geometry":{"type":"LineString","coordinates":[[4.4387958,51.2942725],[4.4388647,51.2941949],[4.4387822,51.2941663],[4.4387134,51.2942439],[4.4387958,51.2942725]]}},{"type":"Feature","id":"way/370596475","properties":{"layer":"building"},"geometry":{"type":"LineString","coordinates":[[4.4389393,51.2942208],[4.4388647,51.2941949],[4.4387958,51.2942725],[4.4388705,51.2942984],[4.4389393,51.2942208]]}},{"type":"Feature","id":"way/370596477","properties":{"layer":"building"},"geometry":{"type":"LineString","coordinates":[[4.4389469,51.294325],[4.4390158,51.2942474],[4.4389393,51.2942208],[4.4388705,51.2942984],[4.4389469,51.294325]]}},{"type":"Feature","id":"way/370596479","properties":{"layer":"building"},"geometry":{"type":"LineString","coordinates":[[4.4390916,51.2942737],[4.4390158,51.2942474],[4.4389469,51.294325],[4.4390227,51.2943513],[4.4390916,51.2942737]]}},{"type":"Feature","id":"way/370596480","properties":{"layer":"building"},"geometry":{"type":"LineString","coordinates":[[4.4391562,51.2943976],[4.4392251,51.29432],[4.4390916,51.2942737],[4.4390227,51.2943513],[4.4391562,51.2943976]]}},{"type":"Feature","id":"way/370596482","properties":{"layer":"building"},"geometry":{"type":"LineString","coordinates":[[4.439355,51.293723],[4.439419,51.2936532],[4.4393491,51.2936281],[4.4392851,51.293698],[4.439355,51.293723]]}},{"type":"Feature","id":"way/370596484","properties":{"layer":"building"},"geometry":{"type":"LineString","coordinates":[[4.4393086,51.294349],[4.4392251,51.29432],[4.4391562,51.2943976],[4.4392397,51.2944266],[4.4392561,51.2944081],[4.4393086,51.294349]]}},{"type":"Feature","id":"way/370596485","properties":{"layer":"building"},"geometry":{"type":"LineString","coordinates":[[4.4393914,51.2943777],[4.4393389,51.2944368],[4.4393965,51.2944543],[4.4394473,51.294448],[4.439431,51.294392],[4.4393914,51.2943777]]}},{"type":"Feature","id":"way/370596487","properties":{"layer":"building"},"geometry":{"type":"LineString","coordinates":[[4.4392561,51.2944081],[4.4393389,51.2944368],[4.4393914,51.2943777],[4.4393086,51.294349],[4.4392561,51.2944081]]}},{"type":"Feature","id":"way/370596488","properties":{"layer":"building"},"geometry":{"type":"LineString","coordinates":[[4.4393491,51.2936281],[4.4392853,51.2936053],[4.4392213,51.2936751],[4.4392851,51.293698],[4.4393491,51.2936281]]}},{"type":"Feature","id":"way/370596490","properties":{"layer":"building"},"geometry":{"type":"LineString","coordinates":[[4.4392213,51.2936751],[4.4392853,51.2936053],[4.439214,51.2935797],[4.43915,51.2936496],[4.4392213,51.2936751]]}},{"type":"Feature","id":"way/370596492","properties":{"layer":"building"},"geometry":{"type":"LineString","coordinates":[[4.439214,51.2935797],[4.4391265,51.2935484],[4.4390626,51.2936183],[4.43915,51.2936496],[4.439214,51.2935797]]}},{"type":"Feature","id":"way/370596493","properties":{"layer":"building"},"geometry":{"type":"LineString","coordinates":[[4.4391265,51.2935484],[4.4390565,51.2935234],[4.4389952,51.2935942],[4.4390626,51.2936183],[4.4391265,51.2935484]]}},{"type":"Feature","id":"way/370596495","properties":{"layer":"building","name":"Onze-Lieve-Vrouw van Altijddurende Bijstandkerk"},"geometry":{"type":"LineString","coordinates":[[4.4392677,51.2941919],[4.4393003,51.2941561],[4.4393036,51.2941573],[4.4393103,51.2941498],[4.4393214,51.2941538],[4.4393401,51.2941087],[4.439349,51.2941118],[4.4393525,51.2941079],[4.439376,51.2941056],[4.4393792,51.2941183],[4.4393893,51.2941173],[4.4393878,51.2941096],[4.4394112,51.294103],[4.4394201,51.2941084],[4.4394271,51.2941041],[4.4394181,51.2940983],[4.4394313,51.2940835],[4.4394431,51.2940848],[4.4394449,51.2940792],[4.4394325,51.2940779],[4.4394285,51.2940622],[4.4394406,51.2940587],[4.4394365,51.2940531],[4.4394248,51.2940565],[4.4394076,51.2940448],[4.4394138,51.2940379],[4.4394093,51.2940363],[4.4394355,51.294007],[4.4394474,51.294011],[4.4394521,51.2940055],[4.4394399,51.2940011],[4.439449,51.2939913],[4.4394662,51.2939975],[4.4394729,51.2939878],[4.4394874,51.2939702],[4.4394745,51.2939655],[4.4394999,51.2939363],[4.439515,51.2939414],[4.4395229,51.2939323],[4.4395085,51.2939271],[4.4395166,51.2939179],[4.4395099,51.2939154],[4.4395017,51.2939249],[4.4394134,51.2938948],[4.4394215,51.2938854],[4.4394147,51.2938829],[4.4394061,51.2938923],[4.4393916,51.293887],[4.4393846,51.2938946],[4.4393991,51.2938998],[4.4393829,51.2939175],[4.4393359,51.2939005],[4.4393328,51.2938924],[4.4393202,51.2938949],[4.4392339,51.2938648],[4.4392306,51.293857],[4.4392185,51.2938592],[4.4392218,51.2938671],[4.4391948,51.2938971],[4.4391337,51.2938744],[4.4391204,51.2938891],[4.4390675,51.2938707],[4.4390745,51.2938628],[4.4390637,51.293859],[4.4390574,51.2938661],[4.4390054,51.2938481],[4.4390118,51.2938407],[4.439001,51.293837],[4.4389947,51.2938439],[4.4389784,51.2938383],[4.4389727,51.2938444],[4.4389857,51.2938491],[4.4389576,51.2938794],[4.4389538,51.293878],[4.4389576,51.2938738],[4.4389518,51.2938643],[4.4389378,51.29386],[4.4389223,51.293863],[4.43892,51.2938657],[4.4389151,51.2938641],[4.4389175,51.2938611],[4.4389065,51.2938575],[4.4388997,51.2938644],[4.4388886,51.2938606],[4.4388829,51.2938667],[4.4388956,51.2938714],[4.4388473,51.2939229],[4.4388358,51.2939192],[4.4388304,51.2939252],[4.4388435,51.2939298],[4.4388125,51.2939642],[4.4388011,51.2939603],[4.4387954,51.293967],[4.4388081,51.2939715],[4.4388018,51.2939784],[4.4388117,51.293982],[4.4388179,51.293975],[4.4388626,51.2939909],[4.4388563,51.293998],[4.4388662,51.2940015],[4.4388733,51.2939937],[4.4389257,51.2940122],[4.4389191,51.2940199],[4.4389306,51.294024],[4.4389371,51.294016],[4.4389897,51.2940345],[4.4389767,51.294049],[4.4389856,51.2940524],[4.438987,51.2940508],[4.439041,51.29407],[4.4390132,51.2941005],[4.4389998,51.2941022],[4.4390032,51.2941097],[4.439016,51.2941077],[4.439103,51.2941384],[4.4391064,51.2941453],[4.4391159,51.2941435],[4.4391147,51.2941375],[4.4391684,51.2941558],[4.43916,51.2941651],[4.4391691,51.2941683],[4.4391774,51.294159],[4.4392348,51.2941792],[4.4392267,51.2941886],[4.4392359,51.2941919],[4.4392442,51.2941826],[4.4392677,51.2941919]]}},{"type":"Feature","id":"way/370597281","properties":{"layer":"building"},"geometry":{"type":"LineString","coordinates":[[4.4369964,51.2909693],[4.4369755,51.2910299],[4.4371321,51.291051],[4.437153,51.2909905],[4.4369964,51.2909693]]}},{"type":"Feature","id":"way/370597282","properties":{"layer":"building"},"geometry":{"type":"LineString","coordinates":[[4.4371955,51.2911098],[4.4369802,51.2910898],[4.4369652,51.2911528],[4.4371805,51.2911728],[4.4371955,51.2911098]]}},{"type":"Feature","id":"way/370597283","properties":{"layer":"building"},"geometry":{"type":"LineString","coordinates":[[4.4369652,51.2911528],[4.4369515,51.2912103],[4.4371668,51.2912304],[4.4371805,51.2911728],[4.4369652,51.2911528]]}},{"type":"Feature","id":"way/370597284","properties":{"layer":"building"},"geometry":{"type":"LineString","coordinates":[[4.4370674,51.2913691],[4.4370928,51.2912759],[4.4369691,51.2912627],[4.4369437,51.2913559],[4.4370674,51.2913691]]}},{"type":"Feature","id":"way/370597285","properties":{"layer":"building"},"geometry":{"type":"LineString","coordinates":[[4.4370674,51.2913691],[4.4369437,51.2913559],[4.4369188,51.2914471],[4.4370425,51.2914603],[4.4370674,51.2913691]]}},{"type":"Feature","id":"way/370597332","properties":{"layer":"building"},"geometry":{"type":"LineString","coordinates":[[4.4371759,51.290924],[4.4370194,51.2909029],[4.4369964,51.2909693],[4.437153,51.2909905],[4.4371759,51.290924]]}},{"type":"Feature","id":"way/370598106","properties":{"layer":"building"},"geometry":{"type":"LineString","coordinates":[[4.4376756,51.2932286],[4.4375378,51.2932158],[4.4375087,51.293214],[4.4374905,51.2932831],[4.4376003,51.2933206],[4.4376523,51.2933071],[4.4376756,51.2932286]]}},{"type":"Feature","id":"way/370598107","properties":{"layer":"building"},"geometry":{"type":"LineString","coordinates":[[4.4372042,51.2935299],[4.4372686,51.2934622],[4.4371768,51.293428],[4.4371124,51.2934957],[4.4372042,51.2935299]]}},{"type":"Feature","id":"way/370598108","properties":{"layer":"building"},"geometry":{"type":"LineString","coordinates":[[4.4371768,51.293428],[4.4370599,51.2933845],[4.4369955,51.2934522],[4.4371124,51.2934957],[4.4371768,51.293428]]}},{"type":"Feature","id":"way/370598109","properties":{"layer":"building"},"geometry":{"type":"LineString","coordinates":[[4.4370699,51.2931345],[4.4371271,51.2930664],[4.4370374,51.293037],[4.4369803,51.293105],[4.4370699,51.2931345]]}},{"type":"Feature","id":"way/370598110","properties":{"layer":"building"},"geometry":{"type":"LineString","coordinates":[[4.4370374,51.293037],[4.4369408,51.2930052],[4.4368836,51.2930733],[4.4369803,51.293105],[4.4370374,51.293037]]}},{"type":"Feature","id":"way/370598118","properties":{"layer":"building"},"geometry":{"type":"LineString","coordinates":[[4.4373839,51.2931575],[4.4372699,51.2931218],[4.4372153,51.2931901],[4.4373293,51.2932258],[4.4373839,51.2931575]]}},{"type":"Feature","id":"way/370598127","properties":{"layer":"building"},"geometry":{"type":"LineString","coordinates":[[4.437208,51.293093],[4.4371271,51.2930664],[4.4370699,51.2931345],[4.4371508,51.293161],[4.437208,51.293093]]}},{"type":"Feature","id":"way/370598128","properties":{"layer":"building"},"geometry":{"type":"LineString","coordinates":[[4.4373536,51.2934939],[4.4372686,51.2934622],[4.4372042,51.2935299],[4.4372892,51.2935615],[4.4373536,51.2934939]]}},{"type":"Feature","id":"way/370602981","properties":{"layer":"building"},"geometry":{"type":"LineString","coordinates":[[4.4422818,51.2934217],[4.442203,51.2934003],[4.4421328,51.2935017],[4.4422116,51.293523],[4.4422818,51.2934217]]}},{"type":"Feature","id":"way/370602985","properties":{"layer":"building"},"geometry":{"type":"LineString","coordinates":[[4.442203,51.2934003],[4.4421213,51.2933782],[4.4420511,51.2934796],[4.4421328,51.2935017],[4.442203,51.2934003]]}},{"type":"Feature","id":"way/370602987","properties":{"layer":"building"},"geometry":{"type":"LineString","coordinates":[[4.4419413,51.2936388],[4.4418661,51.2936176],[4.4418101,51.2936952],[4.4418852,51.2937164],[4.4419413,51.2936388]]}},{"type":"Feature","id":"way/370602991","properties":{"layer":"building"},"geometry":{"type":"LineString","coordinates":[[4.4418852,51.2937164],[4.4418389,51.2937796],[4.4419716,51.2938177],[4.4420179,51.2937545],[4.4418852,51.2937164]]}},{"type":"Feature","id":"way/370602993","properties":{"layer":"building"},"geometry":{"type":"LineString","coordinates":[[4.4420511,51.2934796],[4.4421213,51.2933782],[4.4420285,51.2933531],[4.4419583,51.2934544],[4.4420511,51.2934796]]}},{"type":"Feature","id":"way/370602995","properties":{"layer":"building"},"geometry":{"type":"LineString","coordinates":[[4.4418101,51.2936952],[4.4418661,51.2936176],[4.4417854,51.2935948],[4.4417293,51.2936724],[4.4418101,51.2936952]]}},{"type":"Feature","id":"way/370602997","properties":{"layer":"building"},"geometry":{"type":"LineString","coordinates":[[4.4417854,51.2935948],[4.4417111,51.2935738],[4.4416551,51.2936514],[4.4417293,51.2936724],[4.4417854,51.2935948]]}},{"type":"Feature","id":"way/370602999","properties":{"layer":"building"},"geometry":{"type":"LineString","coordinates":[[4.4415484,51.2932097],[4.4416404,51.2932016],[4.4416367,51.2931835],[4.4417275,51.2931761],[4.4417364,51.2932196],[4.4417223,51.293221],[4.4417405,51.2933078],[4.4416757,51.2933134],[4.441663,51.2933234],[4.4416199,51.2933267],[4.4416042,51.2933193],[4.441593,51.2932792],[4.4415656,51.2932819],[4.4415484,51.2932097]]}},{"type":"Feature","id":"way/370603001","properties":{"layer":"building"},"geometry":{"type":"LineString","coordinates":[[4.4424032,51.2937359],[4.4423341,51.2937169],[4.4422841,51.2937881],[4.4423532,51.2938071],[4.4424032,51.2937359]]}},{"type":"Feature","id":"way/370603005","properties":{"layer":"building"},"geometry":{"type":"LineString","coordinates":[[4.4416551,51.2936514],[4.4417111,51.2935738],[4.4415917,51.2935401],[4.4415357,51.2936177],[4.4416551,51.2936514]]}},{"type":"Feature","id":"way/370603007","properties":{"layer":"building"},"geometry":{"type":"LineString","coordinates":[[4.4415917,51.2935401],[4.4414779,51.293508],[4.4414219,51.2935856],[4.4415357,51.2936177],[4.4415917,51.2935401]]}},{"type":"Feature","id":"way/370603012","properties":{"layer":"building"},"geometry":{"type":"LineString","coordinates":[[4.4413921,51.2934903],[4.4411715,51.2934319],[4.4410591,51.293598],[4.4412797,51.2936564],[4.4413921,51.2934903]]}},{"type":"Feature","id":"way/370603019","properties":{"layer":"building"},"geometry":{"type":"LineString","coordinates":[[4.4410184,51.2930834],[4.4409283,51.2930586],[4.4408648,51.2931486],[4.440955,51.2931735],[4.4410184,51.2930834]]}},{"type":"Feature","id":"way/370603022","properties":{"layer":"building"},"geometry":{"type":"LineString","coordinates":[[4.4408648,51.2931486],[4.4409283,51.2930586],[4.4408512,51.2930374],[4.4407878,51.2931274],[4.4408648,51.2931486]]}},{"type":"Feature","id":"way/370603026","properties":{"layer":"building"},"geometry":{"type":"LineString","coordinates":[[4.4410007,51.2933749],[4.4409118,51.2933498],[4.4408358,51.2934553],[4.4409247,51.2934803],[4.4410007,51.2933749]]}},{"type":"Feature","id":"way/370603030","properties":{"layer":"building"},"geometry":{"type":"LineString","coordinates":[[4.4408512,51.2930374],[4.4407709,51.2930152],[4.4407075,51.2931053],[4.4407878,51.2931274],[4.4408512,51.2930374]]}},{"type":"Feature","id":"way/370603033","properties":{"layer":"building"},"geometry":{"type":"LineString","coordinates":[[4.4408358,51.2934553],[4.4409118,51.2933498],[4.4408296,51.2933267],[4.4407536,51.2934321],[4.4408358,51.2934553]]}},{"type":"Feature","id":"way/370603037","properties":{"layer":"building"},"geometry":{"type":"LineString","coordinates":[[4.4407237,51.2930261],[4.440647,51.2930087],[4.4406272,51.293043],[4.4405358,51.2930223],[4.4405096,51.2930676],[4.4406777,51.2931056],[4.4407237,51.2930261]]}},{"type":"Feature","id":"way/370603040","properties":{"layer":"building"},"geometry":{"type":"LineString","coordinates":[[4.4408296,51.2933267],[4.4407493,51.293304],[4.4406733,51.2934095],[4.4407536,51.2934321],[4.4408296,51.2933267]]}},{"type":"Feature","id":"way/370603043","properties":{"layer":"building"},"geometry":{"type":"LineString","coordinates":[[4.4405096,51.2930676],[4.4405358,51.2930223],[4.4404374,51.2930001],[4.4404472,51.2929831],[4.4403938,51.292971],[4.4403578,51.2930333],[4.4405096,51.2930676]]}},{"type":"Feature","id":"way/370603049","properties":{"layer":"building"},"geometry":{"type":"LineString","coordinates":[[4.4406566,51.2932849],[4.4404406,51.2932324],[4.4403895,51.2933146],[4.4406021,51.2933532],[4.4406566,51.2932849]]}},{"type":"Feature","id":"way/370603053","properties":{"layer":"building"},"geometry":{"type":"LineString","coordinates":[[4.4422841,51.2937881],[4.4423341,51.2937169],[4.4422601,51.2936966],[4.4422101,51.2937678],[4.4422841,51.2937881]]}},{"type":"Feature","id":"way/370603058","properties":{"layer":"building"},"geometry":{"type":"LineString","coordinates":[[4.4397746,51.2930519],[4.4397026,51.2930315],[4.4396336,51.2931268],[4.4397057,51.2931472],[4.4397746,51.2930519]]}},{"type":"Feature","id":"way/370603062","properties":{"layer":"building"},"geometry":{"type":"LineString","coordinates":[[4.4396336,51.2931268],[4.4397026,51.2930315],[4.439618,51.2930076],[4.4395491,51.2931029],[4.4396336,51.2931268]]}},{"type":"Feature","id":"way/370603065","properties":{"layer":"building"},"geometry":{"type":"LineString","coordinates":[[4.4394043,51.2926927],[4.4393357,51.2926755],[4.439288,51.2927502],[4.4393565,51.2927674],[4.4394043,51.2926927]]}},{"type":"Feature","id":"way/370603069","properties":{"layer":"building"},"geometry":{"type":"LineString","coordinates":[[4.439562,51.2930058],[4.4393786,51.2929554],[4.4393427,51.2930064],[4.4395261,51.2930568],[4.439562,51.2930058]]}},{"type":"Feature","id":"way/370603071","properties":{"layer":"building"},"geometry":{"type":"LineString","coordinates":[[4.439288,51.2927502],[4.4393357,51.2926755],[4.4392586,51.2926563],[4.4392108,51.2927309],[4.439288,51.2927502]]}},{"type":"Feature","id":"way/370603074","properties":{"layer":"building"},"geometry":{"type":"LineString","coordinates":[[4.4424473,51.2934376],[4.4424305,51.2934619],[4.4423603,51.2935633],[4.4425487,51.2936143],[4.4426357,51.2934886],[4.4424473,51.2934376]]}},{"type":"Feature","id":"way/370603083","properties":{"layer":"building"},"geometry":{"type":"LineString","coordinates":[[4.4392586,51.2926563],[4.4391844,51.2926377],[4.4391366,51.2927124],[4.4392108,51.2927309],[4.4392586,51.2926563]]}},{"type":"Feature","id":"way/370603087","properties":{"layer":"building"},"geometry":{"type":"LineString","coordinates":[[4.4392534,51.2929211],[4.4391111,51.2928814],[4.4390494,51.292968],[4.4391917,51.2930077],[4.4392534,51.2929211]]}},{"type":"Feature","id":"way/370603091","properties":{"layer":"building"},"geometry":{"type":"LineString","coordinates":[[4.4391844,51.2926377],[4.4391099,51.2926191],[4.4390621,51.2926937],[4.4391366,51.2927124],[4.4391844,51.2926377]]}},{"type":"Feature","id":"way/370603094","properties":{"layer":"building"},"geometry":{"type":"LineString","coordinates":[[4.4390909,51.2928701],[4.4386637,51.2927511],[4.4386116,51.2928251],[4.4384048,51.2931162],[4.4383793,51.2931124],[4.4381991,51.2933127],[4.438322,51.2933544],[4.4384854,51.2931719],[4.4386931,51.2928626],[4.4387979,51.2928917],[4.4387813,51.292915],[4.4387467,51.2929639],[4.4389442,51.2930186],[4.4386711,51.2934043],[4.4387836,51.2934355],[4.4390117,51.2931134],[4.4389639,51.2931001],[4.4390118,51.2930326],[4.4389818,51.2930242],[4.4390909,51.2928701]]}},{"type":"Feature","id":"way/370603099","properties":{"layer":"building"},"geometry":{"type":"LineString","coordinates":[[4.439135,51.2925355],[4.438983,51.2924936],[4.4389108,51.2925962],[4.4389925,51.2926187],[4.4390135,51.2925889],[4.4390838,51.2926083],[4.439135,51.2925355]]}},{"type":"Feature","id":"way/370603101","properties":{"layer":"building"},"geometry":{"type":"LineString","coordinates":[[4.4386637,51.2927511],[4.4385735,51.2927263],[4.4385214,51.2928003],[4.4386116,51.2928251],[4.4386637,51.2927511]]}},{"type":"Feature","id":"way/370603103","properties":{"layer":"building"},"geometry":{"type":"LineString","coordinates":[[4.4388369,51.2924916],[4.4388606,51.2924566],[4.4388106,51.2924434],[4.4387894,51.2924747],[4.438734,51.2924601],[4.4386791,51.2925414],[4.4388264,51.2925803],[4.4388788,51.2925027],[4.4388369,51.2924916]]}},{"type":"Feature","id":"way/370603105","properties":{"layer":"building"},"geometry":{"type":"LineString","coordinates":[[4.4385214,51.2928003],[4.4385735,51.2927263],[4.4384872,51.2927026],[4.4384352,51.2927765],[4.4385214,51.2928003]]}},{"type":"Feature","id":"way/370603109","properties":{"layer":"building"},"geometry":{"type":"LineString","coordinates":[[4.4387048,51.2923829],[4.4386071,51.2923568],[4.4385214,51.2924822],[4.4386191,51.2925083],[4.4387048,51.2923829]]}},{"type":"Feature","id":"way/370603111","properties":{"layer":"building"},"geometry":{"type":"LineString","coordinates":[[4.4422601,51.2936966],[4.4421499,51.2936664],[4.4421,51.2937376],[4.4422101,51.2937678],[4.4422601,51.2936966]]}},{"type":"Feature","id":"way/370603113","properties":{"layer":"building"},"geometry":{"type":"LineString","coordinates":[[4.4385214,51.2924822],[4.4386071,51.2923568],[4.4385129,51.2923316],[4.4384272,51.292457],[4.4385214,51.2924822]]}},{"type":"Feature","id":"way/370603115","properties":{"layer":"building"},"geometry":{"type":"LineString","coordinates":[[4.4385129,51.2923316],[4.4384136,51.292305],[4.4383279,51.2924305],[4.4384272,51.292457],[4.4385129,51.2923316]]}},{"type":"Feature","id":"way/370603117","properties":{"layer":"building"},"geometry":{"type":"LineString","coordinates":[[4.4383279,51.2924305],[4.4384136,51.292305],[4.4382848,51.2922706],[4.4382436,51.2924068],[4.4383279,51.2924305]]}},{"type":"Feature","id":"way/370603119","properties":{"layer":"building"},"geometry":{"type":"LineString","coordinates":[[4.4424305,51.2934619],[4.4423565,51.2934419],[4.4422863,51.2935433],[4.4423603,51.2935633],[4.4424305,51.2934619]]}},{"type":"Feature","id":"way/370603121","properties":{"layer":"building"},"geometry":{"type":"LineString","coordinates":[[4.4379681,51.2922077],[4.4378069,51.2921905],[4.437783,51.2922784],[4.4379442,51.2922955],[4.4379681,51.2922077]]}},{"type":"Feature","id":"way/370603124","properties":{"layer":"building"},"geometry":{"type":"LineString","coordinates":[[4.4373775,51.2923434],[4.4372914,51.2923193],[4.4372007,51.2924464],[4.4372869,51.2924704],[4.4373775,51.2923434]]}},{"type":"Feature","id":"way/370603126","properties":{"layer":"building"},"geometry":{"type":"LineString","coordinates":[[4.4374787,51.2920881],[4.437404,51.2921956],[4.4375205,51.2922273],[4.437573,51.2921516],[4.4375386,51.2921423],[4.4375608,51.2921104],[4.4374787,51.2920881]]}},{"type":"Feature","id":"way/370603130","properties":{"layer":"building"},"geometry":{"type":"LineString","coordinates":[[4.4372007,51.2924464],[4.4372914,51.2923193],[4.4372043,51.292295],[4.4371737,51.2923379],[4.4371137,51.2924221],[4.4372007,51.2924464]]}},{"type":"Feature","id":"way/370603132","properties":{"layer":"building"},"geometry":{"type":"LineString","coordinates":[[4.4371737,51.2923379],[4.4370941,51.2923157],[4.437034,51.2923999],[4.4371137,51.2924221],[4.4371737,51.2923379]]}},{"type":"Feature","id":"way/370603133","properties":{"layer":"building"},"geometry":{"type":"LineString","coordinates":[[4.437034,51.2923999],[4.4370941,51.2923157],[4.437014,51.2922933],[4.4369539,51.2923775],[4.437034,51.2923999]]}},{"type":"Feature","id":"way/370603135","properties":{"layer":"building"},"geometry":{"type":"LineString","coordinates":[[4.4373648,51.2921016],[4.4373005,51.2920842],[4.4372498,51.2921573],[4.437314,51.2921747],[4.4373648,51.2921016]]}},{"type":"Feature","id":"way/370603137","properties":{"layer":"building"},"geometry":{"type":"LineString","coordinates":[[4.437014,51.2922933],[4.4369326,51.2922706],[4.4368725,51.2923548],[4.4369539,51.2923775],[4.437014,51.2922933]]}},{"type":"Feature","id":"way/370603139","properties":{"layer":"building"},"geometry":{"type":"LineString","coordinates":[[4.4372498,51.2921573],[4.4373005,51.2920842],[4.4372372,51.292067],[4.4371865,51.2921401],[4.4372498,51.2921573]]}},{"type":"Feature","id":"way/370603141","properties":{"layer":"building"},"geometry":{"type":"LineString","coordinates":[[4.4422863,51.2935433],[4.4423565,51.2934419],[4.4422818,51.2934217],[4.4422116,51.293523],[4.4422863,51.2935433]]}},{"type":"Feature","id":"way/370603143","properties":{"layer":"building"},"geometry":{"type":"LineString","coordinates":[[4.4372372,51.292067],[4.4371662,51.2920477],[4.4371155,51.2921209],[4.4371865,51.2921401],[4.4372372,51.292067]]}},{"type":"Feature","id":"way/370603146","properties":{"layer":"building"},"geometry":{"type":"LineString","coordinates":[[4.4371526,51.2919758],[4.4370665,51.291953],[4.4370151,51.2920291],[4.4371012,51.2920519],[4.4371526,51.2919758]]}},{"type":"Feature","id":"way/370603147","properties":{"layer":"building"},"geometry":{"type":"LineString","coordinates":[[4.4370151,51.2920291],[4.4370665,51.291953],[4.4369951,51.2919341],[4.4369436,51.2920102],[4.4370151,51.2920291]]}},{"type":"Feature","id":"way/370604698","properties":{"layer":"building"},"geometry":{"type":"LineString","coordinates":[[4.4412322,51.2902401],[4.4410954,51.2902196],[4.4410773,51.2902668],[4.4412141,51.2902873],[4.4412322,51.2902401]]}},{"type":"Feature","id":"way/370604699","properties":{"layer":"building"},"geometry":{"type":"LineString","coordinates":[[4.4398862,51.2933556],[4.4396738,51.2933214],[4.4396469,51.2933867],[4.4398593,51.2934209],[4.4398862,51.2933556]]}},{"type":"Feature","id":"way/370604700","properties":{"layer":"building"},"geometry":{"type":"LineString","coordinates":[[4.4402428,51.2936286],[4.4401183,51.2936079],[4.4400912,51.2936715],[4.4402156,51.2936923],[4.4402428,51.2936286]]}},{"type":"Feature","id":"way/370604701","properties":{"layer":"building"},"geometry":{"type":"LineString","coordinates":[[4.4396469,51.2933867],[4.4396213,51.2934487],[4.4398337,51.2934829],[4.4398593,51.2934209],[4.4396469,51.2933867]]}},{"type":"Feature","id":"way/370604702","properties":{"layer":"building"},"geometry":{"type":"LineString","coordinates":[[4.4403094,51.2937656],[4.4400638,51.2937261],[4.4400283,51.2938126],[4.4402739,51.2938521],[4.4403094,51.2937656]]}},{"type":"Feature","id":"way/370604703","properties":{"layer":"building"},"geometry":{"type":"LineString","coordinates":[[4.4414682,51.2903973],[4.4414416,51.2904647],[4.4415832,51.2904866],[4.4416098,51.2904192],[4.4414682,51.2903973]]}},{"type":"Feature","id":"way/370604704","properties":{"layer":"building"},"geometry":{"type":"LineString","coordinates":[[4.4398281,51.2935497],[4.439697,51.2935279],[4.4396732,51.293584],[4.4398043,51.2936058],[4.4398281,51.2935497]]}},{"type":"Feature","id":"way/370604705","properties":{"layer":"building"},"geometry":{"type":"LineString","coordinates":[[4.4397916,51.2936483],[4.4396191,51.29362],[4.4395726,51.293701],[4.4396273,51.2937168],[4.4397535,51.293749],[4.4397916,51.2936483]]}},{"type":"Feature","id":"way/370604706","properties":{"layer":"building"},"geometry":{"type":"LineString","coordinates":[[4.4410773,51.2902668],[4.4410599,51.2903121],[4.4411917,51.2903347],[4.4412141,51.2902873],[4.4410773,51.2902668]]}},{"type":"Feature","id":"way/370604707","properties":{"layer":"building"},"geometry":{"type":"LineString","coordinates":[[4.4397535,51.293749],[4.4396273,51.2937168],[4.4395623,51.2937959],[4.4396951,51.2938384],[4.4397535,51.293749]]}},{"type":"Feature","id":"way/370604708","properties":{"layer":"building"},"geometry":{"type":"LineString","coordinates":[[4.4415832,51.2904866],[4.4414416,51.2904647],[4.441415,51.2905321],[4.4415566,51.290554],[4.4415832,51.2904866]]}},{"type":"Feature","id":"way/370604709","properties":{"layer":"building"},"geometry":{"type":"LineString","coordinates":[[4.4411917,51.2903347],[4.4410599,51.2903121],[4.4410406,51.2903625],[4.4411724,51.2903851],[4.4411917,51.2903347]]}},{"type":"Feature","id":"way/370604710","properties":{"layer":"building"},"geometry":{"type":"LineString","coordinates":[[4.441415,51.2905321],[4.4413942,51.2905848],[4.4415358,51.2906067],[4.4415566,51.290554],[4.441415,51.2905321]]}},{"type":"Feature","id":"way/370604711","properties":{"layer":"building"},"geometry":{"type":"LineString","coordinates":[[4.4410406,51.2903625],[4.4410228,51.2904088],[4.4411513,51.2904294],[4.4411724,51.2903851],[4.4410406,51.2903625]]}},{"type":"Feature","id":"way/370604712","properties":{"layer":"building"},"geometry":{"type":"LineString","coordinates":[[4.4415358,51.2906067],[4.4413942,51.2905848],[4.4413728,51.2906389],[4.4415144,51.2906608],[4.4415358,51.2906067]]}},{"type":"Feature","id":"way/370604713","properties":{"layer":"building"},"geometry":{"type":"LineString","coordinates":[[4.4411513,51.2904294],[4.4410228,51.2904088],[4.4410032,51.29046],[4.44113,51.2904805],[4.4411513,51.2904294]]}},{"type":"Feature","id":"way/370604714","properties":{"layer":"building"},"geometry":{"type":"LineString","coordinates":[[4.4415144,51.2906608],[4.4413728,51.2906389],[4.4413538,51.2906873],[4.4414953,51.2907091],[4.4415144,51.2906608]]}},{"type":"Feature","id":"way/370604715","properties":{"layer":"building"},"geometry":{"type":"LineString","coordinates":[[4.4413087,51.2900407],[4.441172,51.2900202],[4.441152,51.2900721],[4.4412888,51.2900926],[4.4413087,51.2900407]]}},{"type":"Feature","id":"way/370604716","properties":{"layer":"building"},"geometry":{"type":"LineString","coordinates":[[4.4410032,51.29046],[4.4409831,51.2905079],[4.4411116,51.2905294],[4.44113,51.2904805],[4.4410032,51.29046]]}},{"type":"Feature","id":"way/370604717","properties":{"layer":"building"},"geometry":{"type":"LineString","coordinates":[[4.4413538,51.2906873],[4.4413323,51.2907415],[4.4414739,51.2907634],[4.4414953,51.2907091],[4.4413538,51.2906873]]}},{"type":"Feature","id":"way/370604718","properties":{"layer":"building"},"geometry":{"type":"LineString","coordinates":[[4.4411116,51.2905294],[4.4409831,51.2905079],[4.4409634,51.2905539],[4.4410918,51.2905755],[4.4411116,51.2905294]]}},{"type":"Feature","id":"way/370604719","properties":{"layer":"building"},"geometry":{"type":"LineString","coordinates":[[4.4414739,51.2907634],[4.4413323,51.2907415],[4.4413102,51.2907978],[4.4414517,51.2908196],[4.4414739,51.2907634]]}},{"type":"Feature","id":"way/370604720","properties":{"layer":"building"},"geometry":{"type":"LineString","coordinates":[[4.4409634,51.2905539],[4.4409439,51.2905993],[4.4410723,51.2906209],[4.4410918,51.2905755],[4.4409634,51.2905539]]}},{"type":"Feature","id":"way/370604721","properties":{"layer":"building"},"geometry":{"type":"LineString","coordinates":[[4.4413102,51.2907978],[4.4412905,51.2908476],[4.4414321,51.2908694],[4.4414517,51.2908196],[4.4413102,51.2907978]]}},{"type":"Feature","id":"way/370604722","properties":{"layer":"building"},"geometry":{"type":"LineString","coordinates":[[4.4410723,51.2906209],[4.4409439,51.2905993],[4.4409228,51.2906485],[4.4410512,51.2906701],[4.4410723,51.2906209]]}},{"type":"Feature","id":"way/370604723","properties":{"layer":"building"},"geometry":{"type":"LineString","coordinates":[[4.4409228,51.2906485],[4.4409023,51.2906961],[4.4410308,51.2907177],[4.4410512,51.2906701],[4.4409228,51.2906485]]}},{"type":"Feature","id":"way/370604724","properties":{"layer":"building"},"geometry":{"type":"LineString","coordinates":[[4.441509,51.2909343],[4.44127,51.290898],[4.4412504,51.2909484],[4.4414894,51.2909847],[4.441509,51.2909343]]}},{"type":"Feature","id":"way/370604725","properties":{"layer":"building"},"geometry":{"type":"LineString","coordinates":[[4.4416919,51.2901404],[4.4415442,51.2901186],[4.4415202,51.290182],[4.4416679,51.2902038],[4.4416919,51.2901404]]}},{"type":"Feature","id":"way/370604726","properties":{"layer":"building"},"geometry":{"type":"LineString","coordinates":[[4.44101,51.2907641],[4.4408748,51.2907404],[4.4408516,51.2907923],[4.4409868,51.290816],[4.44101,51.2907641]]}},{"type":"Feature","id":"way/370604727","properties":{"layer":"building"},"geometry":{"type":"LineString","coordinates":[[4.4413965,51.2910174],[4.4412139,51.2909894],[4.4411961,51.2910349],[4.4413786,51.2910629],[4.4413965,51.2910174]]}},{"type":"Feature","id":"way/370604728","properties":{"layer":"building"},"geometry":{"type":"LineString","coordinates":[[4.4408516,51.2907923],[4.440833,51.2908338],[4.4409682,51.2908574],[4.4409868,51.290816],[4.4408516,51.2907923]]}},{"type":"Feature","id":"way/370604729","properties":{"layer":"building"},"geometry":{"type":"LineString","coordinates":[[4.4413633,51.2910859],[4.4412006,51.291061],[4.4411843,51.2911026],[4.441347,51.2911275],[4.4413633,51.2910859]]}},{"type":"Feature","id":"way/370604730","properties":{"layer":"building"},"geometry":{"type":"LineString","coordinates":[[4.4409682,51.2908574],[4.440833,51.2908338],[4.4408132,51.2908781],[4.4409483,51.2909018],[4.4409682,51.2908574]]}},{"type":"Feature","id":"way/370604731","properties":{"layer":"building"},"geometry":{"type":"LineString","coordinates":[[4.4408132,51.2908781],[4.4407903,51.2909291],[4.4409255,51.2909528],[4.4409483,51.2909018],[4.4408132,51.2908781]]}},{"type":"Feature","id":"way/370604732","properties":{"layer":"building"},"geometry":{"type":"LineString","coordinates":[[4.4413234,51.2911866],[4.441194,51.2911637],[4.4411747,51.2912066],[4.4413041,51.2912294],[4.4413234,51.2911866]]}},{"type":"Feature","id":"way/370604733","properties":{"layer":"building"},"geometry":{"type":"LineString","coordinates":[[4.441152,51.2900721],[4.441132,51.2901244],[4.4412687,51.2901449],[4.4412888,51.2900926],[4.441152,51.2900721]]}},{"type":"Feature","id":"way/370604734","properties":{"layer":"building"},"geometry":{"type":"LineString","coordinates":[[4.4409255,51.2909528],[4.4407903,51.2909291],[4.4407689,51.290977],[4.4409041,51.2910007],[4.4409255,51.2909528]]}},{"type":"Feature","id":"way/370604735","properties":{"layer":"building"},"geometry":{"type":"LineString","coordinates":[[4.4411747,51.2912066],[4.4411558,51.2912484],[4.4412853,51.2912712],[4.4413041,51.2912294],[4.4411747,51.2912066]]}},{"type":"Feature","id":"way/370604736","properties":{"layer":"building"},"geometry":{"type":"LineString","coordinates":[[4.4412753,51.2914284],[4.4410911,51.2913962],[4.4410569,51.2914728],[4.4412411,51.2915049],[4.4412753,51.2914284]]}},{"type":"Feature","id":"way/370604737","properties":{"layer":"building"},"geometry":{"type":"LineString","coordinates":[[4.4411575,51.2915716],[4.4410236,51.2915504],[4.4409938,51.2916241],[4.4411276,51.2916453],[4.4411575,51.2915716]]}},{"type":"Feature","id":"way/370604738","properties":{"layer":"building"},"geometry":{"type":"LineString","coordinates":[[4.4407689,51.290977],[4.4407484,51.2910227],[4.4408836,51.2910464],[4.4409041,51.2910007],[4.4407689,51.290977]]}},{"type":"Feature","id":"way/370604739","properties":{"layer":"building"},"geometry":{"type":"LineString","coordinates":[[4.4409938,51.2916241],[4.4409665,51.2916912],[4.4411004,51.2917124],[4.4411276,51.2916453],[4.4409938,51.2916241]]}},{"type":"Feature","id":"way/370604740","properties":{"layer":"building"},"geometry":{"type":"LineString","coordinates":[[4.4408836,51.2910464],[4.4407484,51.2910227],[4.44073,51.2910639],[4.4408652,51.2910875],[4.4408836,51.2910464]]}},{"type":"Feature","id":"way/370604742","properties":{"layer":"building"},"geometry":{"type":"LineString","coordinates":[[4.4410745,51.2917491],[4.4409417,51.2917294],[4.4409172,51.291794],[4.44105,51.2918137],[4.4410745,51.2917491]]}},{"type":"Feature","id":"way/370604743","properties":{"layer":"building"},"geometry":{"type":"LineString","coordinates":[[4.44073,51.2910639],[4.4407106,51.2911071],[4.4408458,51.2911308],[4.4408652,51.2910875],[4.44073,51.2910639]]}},{"type":"Feature","id":"way/370604746","properties":{"layer":"building"},"geometry":{"type":"LineString","coordinates":[[4.4410579,51.2919089],[4.4409185,51.2918882],[4.4408974,51.2919437],[4.4410368,51.2919644],[4.4410579,51.2919089]]}},{"type":"Feature","id":"way/370604747","properties":{"layer":"building"},"geometry":{"type":"LineString","coordinates":[[4.4406778,51.2915405],[4.4405384,51.2915176],[4.4405206,51.2915603],[4.44066,51.2915831],[4.4406778,51.2915405]]}},{"type":"Feature","id":"way/370604748","properties":{"layer":"building"},"geometry":{"type":"LineString","coordinates":[[4.4408974,51.2919437],[4.4408715,51.2920116],[4.4410109,51.2920324],[4.4410368,51.2919644],[4.4408974,51.2919437]]}},{"type":"Feature","id":"way/370604749","properties":{"layer":"building"},"geometry":{"type":"LineString","coordinates":[[4.4405206,51.2915603],[4.4404979,51.2916144],[4.4406373,51.2916372],[4.44066,51.2915831],[4.4405206,51.2915603]]}},{"type":"Feature","id":"way/370604750","properties":{"layer":"building"},"geometry":{"type":"LineString","coordinates":[[4.4409517,51.2920594],[4.4407824,51.2920324],[4.4407622,51.2920819],[4.4409315,51.2921089],[4.4409517,51.2920594]]}},{"type":"Feature","id":"way/370604751","properties":{"layer":"building"},"geometry":{"type":"LineString","coordinates":[[4.4406281,51.2916629],[4.4405103,51.291643],[4.4404888,51.2916928],[4.4406065,51.2917128],[4.4406281,51.2916629]]}},{"type":"Feature","id":"way/370604752","properties":{"layer":"building"},"geometry":{"type":"LineString","coordinates":[[4.4407622,51.2920819],[4.4407402,51.2921361],[4.4409094,51.2921631],[4.4409315,51.2921089],[4.4407622,51.2920819]]}},{"type":"Feature","id":"way/370604753","properties":{"layer":"building"},"geometry":{"type":"LineString","coordinates":[[4.4406065,51.2917128],[4.4404888,51.2916928],[4.4404687,51.291739],[4.4405865,51.291759],[4.4406065,51.2917128]]}},{"type":"Feature","id":"way/370604754","properties":{"layer":"building"},"geometry":{"type":"LineString","coordinates":[[4.4409094,51.2921631],[4.4407402,51.2921361],[4.4407188,51.2921885],[4.440888,51.2922155],[4.4409094,51.2921631]]}},{"type":"Feature","id":"way/370604755","properties":{"layer":"building"},"geometry":{"type":"LineString","coordinates":[[4.4405783,51.2917688],[4.4404448,51.2917474],[4.4404265,51.2917921],[4.44056,51.2918134],[4.4405783,51.2917688]]}},{"type":"Feature","id":"way/370604756","properties":{"layer":"building"},"geometry":{"type":"LineString","coordinates":[[4.4407188,51.2921885],[4.4406919,51.2922544],[4.4408612,51.2922814],[4.440888,51.2922155],[4.4407188,51.2921885]]}},{"type":"Feature","id":"way/370604758","properties":{"layer":"building"},"geometry":{"type":"LineString","coordinates":[[4.4404265,51.2917921],[4.4404077,51.2918382],[4.4405412,51.2918595],[4.44056,51.2918134],[4.4404265,51.2917921]]}},{"type":"Feature","id":"way/370604759","properties":{"layer":"building"},"geometry":{"type":"LineString","coordinates":[[4.4408438,51.292323],[4.4406679,51.292295],[4.4406438,51.292354],[4.4408198,51.292382],[4.4408438,51.292323]]}},{"type":"Feature","id":"way/370604762","properties":{"layer":"building"},"geometry":{"type":"LineString","coordinates":[[4.4412687,51.2901449],[4.441132,51.2901244],[4.4411157,51.2901667],[4.4412525,51.2901873],[4.4412687,51.2901449]]}},{"type":"Feature","id":"way/370604764","properties":{"layer":"building"},"geometry":{"type":"LineString","coordinates":[[4.4405412,51.2918595],[4.4404077,51.2918382],[4.4403891,51.2918835],[4.4405226,51.2919048],[4.4405412,51.2918595]]}},{"type":"Feature","id":"way/370604767","properties":{"layer":"building"},"geometry":{"type":"LineString","coordinates":[[4.4406438,51.292354],[4.4406186,51.292416],[4.4407945,51.292444],[4.4408198,51.292382],[4.4406438,51.292354]]}},{"type":"Feature","id":"way/370604770","properties":{"layer":"building"},"geometry":{"type":"LineString","coordinates":[[4.4403891,51.2918835],[4.4403686,51.2919338],[4.4405021,51.2919551],[4.4405226,51.2919048],[4.4403891,51.2918835]]}},{"type":"Feature","id":"way/370604773","properties":{"layer":"building"},"geometry":{"type":"LineString","coordinates":[[4.4405021,51.2919551],[4.4403686,51.2919338],[4.4403495,51.2919803],[4.440483,51.2920017],[4.4405021,51.2919551]]}},{"type":"Feature","id":"way/370604775","properties":{"layer":"building"},"geometry":{"type":"LineString","coordinates":[[4.4403495,51.2919803],[4.4403283,51.2920323],[4.4404618,51.2920536],[4.440483,51.2920017],[4.4403495,51.2919803]]}},{"type":"Feature","id":"way/370604777","properties":{"layer":"building"},"geometry":{"type":"LineString","coordinates":[[4.4407945,51.292444],[4.4406186,51.292416],[4.4405937,51.2924772],[4.4407696,51.2925052],[4.4407945,51.292444]]}},{"type":"Feature","id":"way/370604780","properties":{"layer":"building"},"geometry":{"type":"LineString","coordinates":[[4.4404618,51.2920536],[4.4403283,51.2920323],[4.4403096,51.2920778],[4.4404431,51.2920992],[4.4404618,51.2920536]]}},{"type":"Feature","id":"way/370604782","properties":{"layer":"building"},"geometry":{"type":"LineString","coordinates":[[4.4407708,51.2925513],[4.4405733,51.2925243],[4.4405554,51.2925757],[4.4407528,51.2926027],[4.4407708,51.2925513]]}},{"type":"Feature","id":"way/370604785","properties":{"layer":"building"},"geometry":{"type":"LineString","coordinates":[[4.4416717,51.2902623],[4.4415301,51.2902404],[4.441511,51.2902887],[4.4416526,51.2903106],[4.4416717,51.2902623]]}},{"type":"Feature","id":"way/370604788","properties":{"layer":"building"},"geometry":{"type":"LineString","coordinates":[[4.4403096,51.2920778],[4.4402897,51.2921267],[4.4404231,51.292148],[4.4404431,51.2920992],[4.4403096,51.2920778]]}},{"type":"Feature","id":"way/370604792","properties":{"layer":"building"},"geometry":{"type":"LineString","coordinates":[[4.4405554,51.2925757],[4.440539,51.2926226],[4.4407365,51.2926496],[4.4407528,51.2926027],[4.4405554,51.2925757]]}},{"type":"Feature","id":"way/370604796","properties":{"layer":"building"},"geometry":{"type":"LineString","coordinates":[[4.4404231,51.292148],[4.4402897,51.2921267],[4.4402649,51.2921871],[4.4403984,51.2922085],[4.4404231,51.292148]]}},{"type":"Feature","id":"way/370604800","properties":{"layer":"building"},"geometry":{"type":"LineString","coordinates":[[4.4407365,51.2926496],[4.440539,51.2926226],[4.4405205,51.2926753],[4.440718,51.2927023],[4.4407365,51.2926496]]}},{"type":"Feature","id":"way/370604804","properties":{"layer":"building"},"geometry":{"type":"LineString","coordinates":[[4.4402649,51.2921871],[4.4402369,51.2922557],[4.4403704,51.292277],[4.4403984,51.2922085],[4.4402649,51.2921871]]}},{"type":"Feature","id":"way/370604809","properties":{"layer":"building"},"geometry":{"type":"LineString","coordinates":[[4.4407044,51.2927174],[4.4405086,51.2926873],[4.4404881,51.2927393],[4.4406839,51.2927694],[4.4407044,51.2927174]]}},{"type":"Feature","id":"way/370604814","properties":{"layer":"building"},"geometry":{"type":"LineString","coordinates":[[4.4402381,51.2922888],[4.4400339,51.2922524],[4.4399794,51.2923723],[4.4401835,51.2924086],[4.4402381,51.2922888]]}},{"type":"Feature","id":"way/370604818","properties":{"layer":"building"},"geometry":{"type":"LineString","coordinates":[[4.4401999,51.2924631],[4.4399775,51.2924289],[4.4399394,51.2925256],[4.4401618,51.2925599],[4.4401999,51.2924631]]}},{"type":"Feature","id":"way/370604820","properties":{"layer":"building"},"geometry":{"type":"LineString","coordinates":[[4.4409077,51.2928701],[4.4405395,51.2928073],[4.4405208,51.2928501],[4.4405904,51.292862],[4.440889,51.2929129],[4.4409077,51.2928701]]}},{"type":"Feature","id":"way/370604836","properties":{"layer":"building"},"geometry":{"type":"LineString","coordinates":[[4.4411157,51.2901667],[4.4410954,51.2902196],[4.4412322,51.2902401],[4.4412525,51.2901873],[4.4411157,51.2901667]]}},{"type":"Feature","id":"way/370604839","properties":{"layer":"building"},"geometry":{"type":"LineString","coordinates":[[4.4405904,51.292862],[4.4405208,51.2928501],[4.4404586,51.2928395],[4.440436,51.2928914],[4.4405677,51.2929139],[4.4405904,51.292862]]}},{"type":"Feature","id":"way/370604843","properties":{"layer":"building"},"geometry":{"type":"LineString","coordinates":[[4.4401252,51.2927039],[4.439931,51.2926707],[4.4398957,51.2927515],[4.4400899,51.2927847],[4.4401252,51.2927039]]}},{"type":"Feature","id":"way/370604848","properties":{"layer":"building"},"geometry":{"type":"LineString","coordinates":[[4.440555,51.2929312],[4.4404223,51.2929083],[4.4403958,51.2929686],[4.4405285,51.2929915],[4.440555,51.2929312]]}},{"type":"Feature","id":"way/370604852","properties":{"layer":"building"},"geometry":{"type":"LineString","coordinates":[[4.440419,51.2932155],[4.4402945,51.2931948],[4.440262,51.2932709],[4.4403865,51.2932917],[4.440419,51.2932155]]}},{"type":"Feature","id":"way/370604855","properties":{"layer":"building"},"geometry":{"type":"LineString","coordinates":[[4.440262,51.2932709],[4.440231,51.2933437],[4.4403555,51.2933644],[4.4403865,51.2932917],[4.440262,51.2932709]]}},{"type":"Feature","id":"way/370604859","properties":{"layer":"building"},"geometry":{"type":"LineString","coordinates":[[4.4416342,51.2903574],[4.4414926,51.2903355],[4.4414682,51.2903973],[4.4416098,51.2904192],[4.4416342,51.2903574]]}},{"type":"Feature","id":"way/370604863","properties":{"layer":"building"},"geometry":{"type":"LineString","coordinates":[[4.4403555,51.2933644],[4.440231,51.2933437],[4.4401988,51.2934192],[4.4403233,51.2934399],[4.4403555,51.2933644]]}},{"type":"Feature","id":"way/370604867","properties":{"layer":"building"},"geometry":{"type":"LineString","coordinates":[[4.4399941,51.2931055],[4.4398343,51.2930819],[4.4398061,51.2931566],[4.4399659,51.2931802],[4.4399941,51.2931055]]}},{"type":"Feature","id":"way/370604870","properties":{"layer":"building"},"geometry":{"type":"LineString","coordinates":[[4.4401988,51.2934192],[4.440169,51.293489],[4.4402935,51.2935098],[4.4403233,51.2934399],[4.4401988,51.2934192]]}},{"type":"Feature","id":"way/370604873","properties":{"layer":"building"},"geometry":{"type":"LineString","coordinates":[[4.4402935,51.2935098],[4.440169,51.293489],[4.440143,51.29355],[4.4402675,51.2935708],[4.4402935,51.2935098]]}},{"type":"Feature","id":"way/370604877","properties":{"layer":"building"},"geometry":{"type":"LineString","coordinates":[[4.4399559,51.2932103],[4.4397791,51.2931865],[4.4397608,51.2932394],[4.4399377,51.2932633],[4.4399559,51.2932103]]}},{"type":"Feature","id":"way/370604880","properties":{"layer":"building"},"geometry":{"type":"LineString","coordinates":[[4.4397608,51.2932394],[4.439742,51.2932938],[4.4399189,51.2933177],[4.4399377,51.2932633],[4.4397608,51.2932394]]}},{"type":"Feature","id":"way/370604884","properties":{"layer":"building"},"geometry":{"type":"LineString","coordinates":[[4.440143,51.29355],[4.4401183,51.2936079],[4.4402428,51.2936286],[4.4402675,51.2935708],[4.440143,51.29355]]}},{"type":"Feature","id":"way/370604887","properties":{"layer":"building"},"geometry":{"type":"LineString","coordinates":[[4.441511,51.2902887],[4.4414926,51.2903355],[4.4416342,51.2903574],[4.4416526,51.2903106],[4.441511,51.2902887]]}},{"type":"Feature","id":"way/370647081","properties":{"layer":"building"},"geometry":{"type":"LineString","coordinates":[[4.4426402,51.2920871],[4.4426471,51.2920789],[4.4426381,51.2920757],[4.4426658,51.2920423],[4.4426754,51.2920455],[4.4426831,51.2920375],[4.4427212,51.2920507],[4.442729,51.2920412],[4.4428524,51.2920828],[4.4428311,51.2921077],[4.4428371,51.29212],[4.4428142,51.2921466],[4.4426402,51.2920871]]}},{"type":"Feature","id":"way/370647082","properties":{"layer":"building"},"geometry":{"type":"LineString","coordinates":[[4.4423223,51.2925123],[4.4422329,51.2924817],[4.4422659,51.2924437],[4.4423059,51.2924573],[4.4423771,51.2924814],[4.4423754,51.2924834],[4.4424785,51.2925158],[4.4424728,51.2925224],[4.4424449,51.2925543],[4.4423223,51.2925123]]}},{"type":"Feature","id":"way/370647083","properties":{"layer":"building"},"geometry":{"type":"LineString","coordinates":[[4.4424449,51.2925543],[4.4423798,51.2926297],[4.4422579,51.2925881],[4.4423223,51.2925123],[4.4424449,51.2925543]]}},{"type":"Feature","id":"way/370647084","properties":{"layer":"building"},"geometry":{"type":"LineString","coordinates":[[4.44337,51.2917951],[4.4433724,51.2917924],[4.4433794,51.2917947],[4.4434108,51.2917808],[4.4433989,51.2917673],[4.4434223,51.2917397],[4.4435446,51.2917805],[4.4435642,51.2917953],[4.443522,51.2918441],[4.44337,51.2917951]]}},{"type":"Feature","id":"way/370647085","properties":{"layer":"building"},"geometry":{"type":"LineString","coordinates":[[4.4420975,51.292633],[4.4421255,51.2926032],[4.4421913,51.2926239],[4.4422147,51.2925958],[4.4422626,51.2926104],[4.4422647,51.2926078],[4.4423678,51.292643],[4.442312,51.2927074],[4.4420975,51.292633]]}},{"type":"Feature","id":"way/370647086","properties":{"layer":"building"},"geometry":{"type":"LineString","coordinates":[[4.443522,51.2918441],[4.4434824,51.2918899],[4.4434924,51.2918941],[4.4434794,51.2919041],[4.4433274,51.2918501],[4.4433516,51.2918223],[4.4433761,51.2918214],[4.443377,51.2917975],[4.44337,51.2917951],[4.443522,51.2918441]]}},{"type":"Feature","id":"way/370647087","properties":{"layer":"building"},"geometry":{"type":"LineString","coordinates":[[4.4418768,51.2926624],[4.4418637,51.2926579],[4.4418909,51.292623],[4.4420072,51.2926608],[4.4420479,51.2926158],[4.4420623,51.2926208],[4.4420975,51.292633],[4.442312,51.2927074],[4.4422558,51.2927721],[4.4421505,51.2927363],[4.4421597,51.2927257],[4.4421648,51.2927228],[4.4420754,51.2926929],[4.4420681,51.2927007],[4.4420487,51.2927215],[4.4418768,51.2926624]]}},{"type":"Feature","id":"way/370647088","properties":{"layer":"building"},"geometry":{"type":"LineString","coordinates":[[4.4432491,51.2919413],[4.4432966,51.2918861],[4.4434595,51.2919419],[4.4434188,51.2919913],[4.4433774,51.2919791],[4.4432491,51.2919413]]}},{"type":"Feature","id":"way/370647089","properties":{"layer":"building"},"geometry":{"type":"LineString","coordinates":[[4.4419794,51.2927861],[4.4420018,51.2927601],[4.4420208,51.2927666],[4.4420373,51.2927471],[4.4418571,51.2926873],[4.4418768,51.2926624],[4.4420487,51.2927215],[4.4420566,51.2927243],[4.44204,51.2927439],[4.4422256,51.2928067],[4.4421834,51.2928548],[4.4419794,51.2927861]]}},{"type":"Feature","id":"way/370647090","properties":{"layer":"building"},"geometry":{"type":"LineString","coordinates":[[4.4429425,51.2917836],[4.4430535,51.2918228],[4.4429855,51.2919016],[4.4430033,51.2919077],[4.4429574,51.2919605],[4.4428768,51.2919327],[4.4428962,51.2919096],[4.4428466,51.2918928],[4.44287,51.2918661],[4.4429425,51.2917836]]}},{"type":"Feature","id":"way/370647091","properties":{"layer":"building"},"geometry":{"type":"LineString","coordinates":[[4.4432045,51.2919937],[4.4432491,51.2919413],[4.4433774,51.2919791],[4.4433566,51.292006],[4.4433946,51.2920163],[4.4433745,51.2920437],[4.4432045,51.2919937]]}},{"type":"Feature","id":"way/370647092","properties":{"layer":"building"},"geometry":{"type":"LineString","coordinates":[[4.4421834,51.2928548],[4.4421418,51.2929029],[4.4419628,51.292842],[4.4419818,51.2928203],[4.4419569,51.2928122],[4.4419794,51.2927861],[4.4421834,51.2928548]]}},{"type":"Feature","id":"way/370647093","properties":{"layer":"building"},"geometry":{"type":"LineString","coordinates":[[4.4431706,51.2920325],[4.4432045,51.2919937],[4.4433745,51.2920437],[4.443345,51.2920836],[4.4431706,51.2920325]]}},{"type":"Feature","id":"way/370647094","properties":{"layer":"building"},"geometry":{"type":"LineString","coordinates":[[4.4415403,51.2927187],[4.4418188,51.2928151],[4.4417833,51.2928561],[4.4413602,51.2927113],[4.4413637,51.2927074],[4.4413969,51.2926691],[4.4414602,51.292691],[4.4415403,51.2927187]]}},{"type":"Feature","id":"way/370647096","properties":{"layer":"building"},"geometry":{"type":"LineString","coordinates":[[4.4419029,51.2929526],[4.441953,51.2928942],[4.4421049,51.2929454],[4.442076,51.2929784],[4.4420682,51.2929756],[4.4420465,51.293001],[4.4419029,51.2929526]]}},{"type":"Feature","id":"way/370647097","properties":{"layer":"building"},"geometry":{"type":"LineString","coordinates":[[4.4430936,51.2921212],[4.4431267,51.2920837],[4.4432489,51.2921186],[4.4432424,51.2921274],[4.4432385,51.2921262],[4.4432127,51.2921561],[4.4430936,51.2921212]]}},{"type":"Feature","id":"way/370647098","properties":{"layer":"building"},"geometry":{"type":"LineString","coordinates":[[4.441797,51.2930257],[4.4418355,51.2929836],[4.4420177,51.2930455],[4.4419799,51.293089],[4.441797,51.2930257]]}},{"type":"Feature","id":"way/370647099","properties":{"layer":"building"},"geometry":{"type":"LineString","coordinates":[[4.4430469,51.2921748],[4.4430936,51.2921212],[4.4432127,51.2921561],[4.4432026,51.2921678],[4.4432999,51.2921948],[4.4432692,51.2922386],[4.4430469,51.2921748]]}},{"type":"Feature","id":"way/370647100","properties":{"layer":"building"},"geometry":{"type":"LineString","coordinates":[[4.4419799,51.293089],[4.4419416,51.2931325],[4.4417514,51.2930665],[4.4417741,51.2930397],[4.4417114,51.293018],[4.4417251,51.2930018],[4.441797,51.2930257],[4.4419799,51.293089]]}},{"type":"Feature","id":"way/370647101","properties":{"layer":"building"},"geometry":{"type":"LineString","coordinates":[[4.4428142,51.2921466],[4.442791,51.2921737],[4.4427713,51.2921774],[4.4427498,51.292202],[4.4426268,51.2921599],[4.4426446,51.2921392],[4.4426386,51.2921366],[4.4426331,51.2921338],[4.4426275,51.2921298],[4.4426237,51.2921256],[4.4426215,51.2921211],[4.4426211,51.2921156],[4.4426218,51.2921111],[4.4426244,51.2921056],[4.4426402,51.2920871],[4.4428142,51.2921466]]}},{"type":"Feature","id":"way/370647102","properties":{"layer":"building"},"geometry":{"type":"LineString","coordinates":[[4.4432853,51.2922716],[4.4432687,51.2922911],[4.4431915,51.2922692],[4.4431627,51.2923056],[4.4431324,51.2922965],[4.4431293,51.2923004],[4.443073,51.2922827],[4.4430627,51.2922605],[4.4429931,51.292237],[4.443028,51.2921964],[4.4432853,51.2922716]]}},{"type":"Feature","id":"way/370647103","properties":{"layer":"building"},"geometry":{"type":"LineString","coordinates":[[4.4429094,51.2923334],[4.4429518,51.2922845],[4.4430476,51.2923172],[4.4430698,51.2922906],[4.4431707,51.2923208],[4.443144,51.2923533],[4.4430885,51.2923342],[4.4430487,51.2923803],[4.4429094,51.2923334]]}},{"type":"Feature","id":"way/370647104","properties":{"layer":"building"},"geometry":{"type":"LineString","coordinates":[[4.4430487,51.2923803],[4.4430563,51.2923829],[4.443029,51.2924127],[4.4430203,51.2924097],[4.4430081,51.2924233],[4.4429758,51.2924117],[4.442972,51.2924161],[4.4428683,51.2923807],[4.4429094,51.2923334],[4.4430487,51.2923803]]}},{"type":"Feature","id":"way/370647105","properties":{"layer":"building"},"geometry":{"type":"LineString","coordinates":[[4.4426667,51.2926129],[4.4427095,51.2925637],[4.4427986,51.2925942],[4.4428175,51.2925724],[4.4428843,51.292595],[4.4428606,51.2926202],[4.4428694,51.2926232],[4.442831,51.2926676],[4.442808,51.29266],[4.4426667,51.2926129]]}},{"type":"Feature","id":"way/370647106","properties":{"layer":"building"},"geometry":{"type":"LineString","coordinates":[[4.4426955,51.2927133],[4.4427132,51.2926924],[4.4426241,51.2926619],[4.4426667,51.2926129],[4.442808,51.29266],[4.442831,51.2926676],[4.4427938,51.2927166],[4.4428466,51.2927323],[4.4428274,51.2927562],[4.4428095,51.2927504],[4.4426955,51.2927133]]}},{"type":"Feature","id":"way/370647107","properties":{"layer":"building"},"geometry":{"type":"LineString","coordinates":[[4.4423426,51.2923144],[4.4423678,51.2922856],[4.4424901,51.2923264],[4.4424984,51.292325],[4.4425158,51.2923049],[4.4425517,51.2923175],[4.4425897,51.2923106],[4.4426009,51.2923347],[4.4426291,51.2923444],[4.4426138,51.2923619],[4.4426177,51.2923699],[4.4426048,51.2923723],[4.4425848,51.2923956],[4.4423426,51.2923144]]}},{"type":"Feature","id":"way/370647108","properties":{"layer":"building"},"geometry":{"type":"LineString","coordinates":[[4.4423657,51.2924272],[4.442421,51.2923636],[4.4425697,51.2924109],[4.4425125,51.2924768],[4.4423657,51.2924272]]}},{"type":"Feature","id":"way/370649743","properties":{"layer":"building"},"geometry":{"type":"LineString","coordinates":[[4.4373445,51.2903795],[4.4373911,51.2903065],[4.4373018,51.2902842],[4.4372551,51.2903571],[4.4373445,51.2903795]]}},{"type":"Feature","id":"way/370649745","properties":{"layer":"building"},"geometry":{"type":"LineString","coordinates":[[4.437464,51.2903248],[4.4373911,51.2903065],[4.4373445,51.2903795],[4.4374174,51.2903977],[4.437464,51.2903248]]}},{"type":"Feature","id":"way/370649747","properties":{"layer":"building"},"geometry":{"type":"LineString","coordinates":[[4.4374788,51.2904131],[4.4375254,51.2903401],[4.437464,51.2903248],[4.4374174,51.2903977],[4.4374788,51.2904131]]}},{"type":"Feature","id":"way/370649748","properties":{"layer":"building"},"geometry":{"type":"LineString","coordinates":[[4.4375924,51.2903569],[4.4375254,51.2903401],[4.4374788,51.2904131],[4.4375458,51.2904298],[4.4375924,51.2903569]]}},{"type":"Feature","id":"way/370649749","properties":{"layer":"building"},"geometry":{"type":"LineString","coordinates":[[4.4376106,51.2904461],[4.4376572,51.2903731],[4.4375924,51.2903569],[4.4375458,51.2904298],[4.4376106,51.2904461]]}},{"type":"Feature","id":"way/370649750","properties":{"layer":"building"},"geometry":{"type":"LineString","coordinates":[[4.437727,51.2903906],[4.4376572,51.2903731],[4.4376106,51.2904461],[4.4376804,51.2904635],[4.437727,51.2903906]]}},{"type":"Feature","id":"way/370649751","properties":{"layer":"building"},"geometry":{"type":"LineString","coordinates":[[4.4377455,51.2904798],[4.4377922,51.2904069],[4.437727,51.2903906],[4.4376804,51.2904635],[4.4377455,51.2904798]]}},{"type":"Feature","id":"way/370649752","properties":{"layer":"building"},"geometry":{"type":"LineString","coordinates":[[4.4378567,51.290423],[4.4377922,51.2904069],[4.4377455,51.2904798],[4.43781,51.2904959],[4.4378567,51.290423]]}},{"type":"Feature","id":"way/370649753","properties":{"layer":"building"},"geometry":{"type":"LineString","coordinates":[[4.4378792,51.2905132],[4.4379259,51.2904403],[4.4378567,51.290423],[4.43781,51.2904959],[4.4378792,51.2905132]]}},{"type":"Feature","id":"way/370649754","properties":{"layer":"building"},"geometry":{"type":"LineString","coordinates":[[4.4377269,51.2907108],[4.4377863,51.2906208],[4.4374887,51.290544],[4.4374293,51.290634],[4.4377269,51.2907108]]}},{"type":"Feature","id":"way/370649755","properties":{"layer":"building"},"geometry":{"type":"LineString","coordinates":[[4.4379941,51.2904574],[4.4379259,51.2904403],[4.4378792,51.2905132],[4.4379474,51.2905303],[4.4379941,51.2904574]]}},{"type":"Feature","id":"way/370649756","properties":{"layer":"building"},"geometry":{"type":"LineString","coordinates":[[4.437895,51.2906488],[4.4377863,51.2906208],[4.4377269,51.2907108],[4.4378357,51.2907388],[4.437895,51.2906488]]}},{"type":"Feature","id":"way/370649757","properties":{"layer":"building"},"geometry":{"type":"LineString","coordinates":[[4.4380101,51.290546],[4.4380567,51.2904731],[4.4379941,51.2904574],[4.4379474,51.2905303],[4.4380101,51.290546]]}},{"type":"Feature","id":"way/370649758","properties":{"layer":"building"},"geometry":{"type":"LineString","coordinates":[[4.4381216,51.2904893],[4.4380567,51.2904731],[4.4380101,51.290546],[4.4380749,51.2905622],[4.4381216,51.2904893]]}},{"type":"Feature","id":"way/370649759","properties":{"layer":"building"},"geometry":{"type":"LineString","coordinates":[[4.4381469,51.2905802],[4.4381935,51.2905073],[4.4381216,51.2904893],[4.4380749,51.2905622],[4.4381469,51.2905802]]}},{"type":"Feature","id":"way/370649760","properties":{"layer":"building"},"geometry":{"type":"LineString","coordinates":[[4.4380543,51.2906938],[4.4379754,51.2906753],[4.4379308,51.2907496],[4.4380097,51.2907681],[4.4380543,51.2906938]]}},{"type":"Feature","id":"way/370649761","properties":{"layer":"building"},"geometry":{"type":"LineString","coordinates":[[4.4381203,51.2907941],[4.4381649,51.2907197],[4.4380543,51.2906938],[4.4380097,51.2907681],[4.4381203,51.2907941]]}},{"type":"Feature","id":"way/370649762","properties":{"layer":"building"},"geometry":{"type":"LineString","coordinates":[[4.4382368,51.2907366],[4.4381649,51.2907197],[4.4381203,51.2907941],[4.4381923,51.2908109],[4.4382368,51.2907366]]}},{"type":"Feature","id":"way/370649763","properties":{"layer":"building"},"geometry":{"type":"LineString","coordinates":[[4.4385157,51.2906117],[4.4384231,51.2905881],[4.4383871,51.2906432],[4.4384797,51.2906668],[4.4385157,51.2906117]]}},{"type":"Feature","id":"way/370649764","properties":{"layer":"building"},"geometry":{"type":"LineString","coordinates":[[4.4389007,51.2907028],[4.4387585,51.2906702],[4.4387286,51.2907213],[4.4388707,51.2907539],[4.4389007,51.2907028]]}},{"type":"Feature","id":"way/370649765","properties":{"layer":"building"},"geometry":{"type":"LineString","coordinates":[[4.4386917,51.290967],[4.438731,51.2908972],[4.438635,51.2908761],[4.4385957,51.290946],[4.4386917,51.290967]]}},{"type":"Feature","id":"way/370649766","properties":{"layer":"building"},"geometry":{"type":"LineString","coordinates":[[4.4387981,51.290912],[4.438731,51.2908972],[4.4386917,51.290967],[4.4387588,51.2909818],[4.4387981,51.290912]]}},{"type":"Feature","id":"way/370649767","properties":{"layer":"building"},"geometry":{"type":"LineString","coordinates":[[4.4388362,51.2909988],[4.4388755,51.290929],[4.4387981,51.290912],[4.4387588,51.2909818],[4.4388362,51.2909988]]}},{"type":"Feature","id":"way/370649768","properties":{"layer":"building"},"geometry":{"type":"LineString","coordinates":[[4.4392781,51.2908676],[4.439327,51.2907792],[4.4392322,51.2907587],[4.4391833,51.2908471],[4.4392781,51.2908676]]}},{"type":"Feature","id":"way/370649769","properties":{"layer":"building"},"geometry":{"type":"LineString","coordinates":[[4.438942,51.2909436],[4.4388755,51.290929],[4.4388362,51.2909988],[4.4389028,51.2910134],[4.438942,51.2909436]]}},{"type":"Feature","id":"way/370649770","properties":{"layer":"building"},"geometry":{"type":"LineString","coordinates":[[4.4393931,51.2907936],[4.439327,51.2907792],[4.4392781,51.2908676],[4.4393442,51.2908819],[4.4393931,51.2907936]]}},{"type":"Feature","id":"way/370649771","properties":{"layer":"building"},"geometry":{"type":"LineString","coordinates":[[4.4394884,51.290843],[4.4393964,51.2908235],[4.4393612,51.2908883],[4.4394533,51.2909078],[4.4394884,51.290843]]}},{"type":"Feature","id":"way/370649772","properties":{"layer":"building"},"geometry":{"type":"LineString","coordinates":[[4.4390323,51.2910156],[4.4390679,51.2909454],[4.4389803,51.290928],[4.4389447,51.2909982],[4.4390323,51.2910156]]}},{"type":"Feature","id":"way/370649773","properties":{"layer":"building"},"geometry":{"type":"LineString","coordinates":[[4.4391311,51.2909579],[4.4390679,51.2909454],[4.4390323,51.2910156],[4.4390955,51.2910281],[4.4391311,51.2909579]]}},{"type":"Feature","id":"way/370649774","properties":{"layer":"building"},"geometry":{"type":"LineString","coordinates":[[4.4395539,51.2909292],[4.439589,51.2908644],[4.4394884,51.290843],[4.4394533,51.2909078],[4.4395539,51.2909292]]}},{"type":"Feature","id":"way/370649775","properties":{"layer":"building"},"geometry":{"type":"LineString","coordinates":[[4.4391709,51.2910431],[4.4392065,51.2909728],[4.4391311,51.2909579],[4.4390955,51.2910281],[4.4391709,51.2910431]]}},{"type":"Feature","id":"way/370649776","properties":{"layer":"building"},"geometry":{"type":"LineString","coordinates":[[4.4396603,51.2908795],[4.439589,51.2908644],[4.4395539,51.2909292],[4.4396251,51.2909443],[4.4396603,51.2908795]]}},{"type":"Feature","id":"way/370649777","properties":{"layer":"building"},"geometry":{"type":"LineString","coordinates":[[4.4392803,51.2909875],[4.4392065,51.2909728],[4.4391709,51.2910431],[4.4392446,51.2910577],[4.4392803,51.2909875]]}},{"type":"Feature","id":"way/370649778","properties":{"layer":"building"},"geometry":{"type":"LineString","coordinates":[[4.4398328,51.291001],[4.4398634,51.2909312],[4.4397422,51.2909104],[4.4397116,51.2909802],[4.4398328,51.291001]]}},{"type":"Feature","id":"way/370649779","properties":{"layer":"building"},"geometry":{"type":"LineString","coordinates":[[4.4393846,51.2910133],[4.4392982,51.290992],[4.4392519,51.2910653],[4.4393382,51.2910866],[4.4393846,51.2910133]]}},{"type":"Feature","id":"way/370649780","properties":{"layer":"building"},"geometry":{"type":"LineString","coordinates":[[4.4399555,51.290947],[4.4398634,51.2909312],[4.4398328,51.291001],[4.4399249,51.2910168],[4.4399555,51.290947]]}},{"type":"Feature","id":"way/370649781","properties":{"layer":"building"},"geometry":{"type":"LineString","coordinates":[[4.439462,51.2910921],[4.4393834,51.2910661],[4.4393187,51.2911426],[4.4393972,51.2911686],[4.439462,51.2910921]]}},{"type":"Feature","id":"way/370649782","properties":{"layer":"building"},"geometry":{"type":"LineString","coordinates":[[4.439992,51.2910283],[4.4400226,51.2909585],[4.4399555,51.290947],[4.4399249,51.2910168],[4.439992,51.2910283]]}},{"type":"Feature","id":"way/370649783","properties":{"layer":"building"},"geometry":{"type":"LineString","coordinates":[[4.4401112,51.2909737],[4.4400226,51.2909585],[4.439992,51.2910283],[4.4400806,51.2910435],[4.4401112,51.2909737]]}},{"type":"Feature","id":"way/370649784","properties":{"layer":"building"},"geometry":{"type":"LineString","coordinates":[[4.4395033,51.2916355],[4.4393437,51.2915979],[4.4392915,51.2916845],[4.4394512,51.2917221],[4.4395033,51.2916355]]}},{"type":"Feature","id":"way/370649785","properties":{"layer":"building"},"geometry":{"type":"LineString","coordinates":[[4.4401323,51.2910523],[4.4401629,51.2909826],[4.4401112,51.2909737],[4.4400806,51.2910435],[4.4401323,51.2910523]]}},{"type":"Feature","id":"way/370649786","properties":{"layer":"building"},"geometry":{"type":"LineString","coordinates":[[4.4393411,51.2914303],[4.4393219,51.2914696],[4.4394875,51.2915011],[4.4395066,51.2914618],[4.4393411,51.2914303]]}},{"type":"Feature","id":"way/370649787","properties":{"layer":"building"},"geometry":{"type":"LineString","coordinates":[[4.4402373,51.2909953],[4.4401629,51.2909826],[4.4401323,51.2910523],[4.4402067,51.2910651],[4.4402373,51.2909953]]}},{"type":"Feature","id":"way/370649788","properties":{"layer":"building"},"geometry":{"type":"LineString","coordinates":[[4.4395321,51.2914094],[4.4393666,51.2913779],[4.4393411,51.2914303],[4.4395066,51.2914618],[4.4395321,51.2914094]]}},{"type":"Feature","id":"way/370649789","properties":{"layer":"building"},"geometry":{"type":"LineString","coordinates":[[4.4395537,51.291298],[4.4394549,51.2912774],[4.4394172,51.2913483],[4.4395159,51.2913689],[4.4395537,51.291298]]}},{"type":"Feature","id":"way/370649790","properties":{"layer":"building"},"geometry":{"type":"LineString","coordinates":[[4.4396853,51.2910782],[4.4395994,51.2910595],[4.4395471,51.2911311],[4.4396492,51.2911509],[4.4396853,51.2910782]]}},{"type":"Feature","id":"way/370649791","properties":{"layer":"building"},"geometry":{"type":"LineString","coordinates":[[4.4402067,51.2910651],[4.440447,51.29111],[4.4404676,51.291055],[4.4405442,51.2908276],[4.4403309,51.2907962],[4.4402373,51.2909953],[4.4402067,51.2910651]]}},{"type":"Feature","id":"way/370649792","properties":{"layer":"building"},"geometry":{"type":"LineString","coordinates":[[4.4396853,51.2910782],[4.4396492,51.2911509],[4.4397429,51.2911691],[4.439779,51.2910963],[4.4396853,51.2910782]]}},{"type":"Feature","id":"way/370649793","properties":{"layer":"building"},"geometry":{"type":"LineString","coordinates":[[4.4404676,51.291055],[4.440447,51.29111],[4.4405885,51.2911357],[4.4406108,51.291083],[4.4404676,51.291055]]}},{"type":"Feature","id":"way/370649794","properties":{"layer":"building"},"geometry":{"type":"LineString","coordinates":[[4.4397429,51.2911691],[4.4398198,51.291184],[4.4398559,51.2911113],[4.439779,51.2910963],[4.4397429,51.2911691]]}},{"type":"Feature","id":"way/370649795","properties":{"layer":"building"},"geometry":{"type":"LineString","coordinates":[[4.4398559,51.2911113],[4.4398198,51.291184],[4.4399112,51.2912017],[4.4399473,51.291129],[4.4398559,51.2911113]]}},{"type":"Feature","id":"way/370649796","properties":{"layer":"building"},"geometry":{"type":"LineString","coordinates":[[4.4408458,51.2911308],[4.4407106,51.2911071],[4.4406904,51.2911519],[4.4408267,51.2911772],[4.4408458,51.2911308]]}},{"type":"Feature","id":"way/370649797","properties":{"layer":"building"},"geometry":{"type":"LineString","coordinates":[[4.4399112,51.2912017],[4.4400075,51.2912204],[4.4400436,51.2911477],[4.4399473,51.291129],[4.4399112,51.2912017]]}},{"type":"Feature","id":"way/370649798","properties":{"layer":"building"},"geometry":{"type":"LineString","coordinates":[[4.4415639,51.2912824],[4.4416123,51.2911734],[4.4415505,51.2911627],[4.4415022,51.2912717],[4.4415639,51.2912824]]}},{"type":"Feature","id":"way/370649799","properties":{"layer":"building"},"geometry":{"type":"LineString","coordinates":[[4.4416768,51.2911846],[4.4416123,51.2911734],[4.4415639,51.2912824],[4.4416285,51.2912936],[4.4416768,51.2911846]]}},{"type":"Feature","id":"way/370649801","properties":{"layer":"building"},"geometry":{"type":"LineString","coordinates":[[4.4400436,51.2911477],[4.4400075,51.2912204],[4.440099,51.2912382],[4.4401351,51.2911655],[4.4400436,51.2911477]]}},{"type":"Feature","id":"way/370649802","properties":{"layer":"building"},"geometry":{"type":"LineString","coordinates":[[4.4418142,51.2912236],[4.4417161,51.291206],[4.4416792,51.2912863],[4.4417773,51.2913039],[4.4418142,51.2912236]]}},{"type":"Feature","id":"way/370649803","properties":{"layer":"building"},"geometry":{"type":"LineString","coordinates":[[4.440099,51.2912382],[4.440193,51.2912565],[4.4402291,51.2911837],[4.4401351,51.2911655],[4.440099,51.2912382]]}},{"type":"Feature","id":"way/370649804","properties":{"layer":"building"},"geometry":{"type":"LineString","coordinates":[[4.4419338,51.2912626],[4.441843,51.2912478],[4.4418112,51.2913241],[4.441902,51.2913389],[4.4419338,51.2912626]]}},{"type":"Feature","id":"way/370649805","properties":{"layer":"building"},"geometry":{"type":"LineString","coordinates":[[4.4402291,51.2911837],[4.440193,51.2912565],[4.4402814,51.2912736],[4.4403175,51.2912009],[4.4402291,51.2911837]]}},{"type":"Feature","id":"way/370649806","properties":{"layer":"building"},"geometry":{"type":"LineString","coordinates":[[4.4402814,51.2912736],[4.4403724,51.2912913],[4.4404085,51.2912185],[4.4403175,51.2912009],[4.4402814,51.2912736]]}},{"type":"Feature","id":"way/370649807","properties":{"layer":"building"},"geometry":{"type":"LineString","coordinates":[[4.4404085,51.2912185],[4.4403724,51.2912913],[4.440444,51.2913052],[4.4404801,51.2912324],[4.4404085,51.2912185]]}},{"type":"Feature","id":"way/370649808","properties":{"layer":"building"},"geometry":{"type":"LineString","coordinates":[[4.440444,51.2913052],[4.4405123,51.2913184],[4.4405484,51.2912457],[4.4404801,51.2912324],[4.440444,51.2913052]]}},{"type":"Feature","id":"way/370649809","properties":{"layer":"building"},"geometry":{"type":"LineString","coordinates":[[4.4405484,51.2912457],[4.4405123,51.2913184],[4.4405842,51.2913324],[4.4406202,51.2912596],[4.4405484,51.2912457]]}},{"type":"Feature","id":"way/370649810","properties":{"layer":"building"},"geometry":{"type":"LineString","coordinates":[[4.4421375,51.2913515],[4.4419795,51.2913249],[4.4419502,51.2914013],[4.4421083,51.2914287],[4.4421375,51.2913515]]}},{"type":"Feature","id":"way/370649811","properties":{"layer":"building"},"geometry":{"type":"LineString","coordinates":[[4.4421771,51.291441],[4.4422076,51.2913639],[4.4421375,51.2913515],[4.4421083,51.2914287],[4.4421771,51.291441]]}},{"type":"Feature","id":"way/370649812","properties":{"layer":"building"},"geometry":{"type":"LineString","coordinates":[[4.4407428,51.2913284],[4.4406244,51.2913074],[4.4405776,51.2914109],[4.4406961,51.2914319],[4.4407428,51.2913284]]}},{"type":"Feature","id":"way/370649813","properties":{"layer":"building"},"geometry":{"type":"LineString","coordinates":[[4.4422739,51.2913748],[4.4422076,51.2913639],[4.4421771,51.291441],[4.4422485,51.2914504],[4.4422739,51.2913748]]}},{"type":"Feature","id":"way/370649814","properties":{"layer":"building"},"geometry":{"type":"LineString","coordinates":[[4.4424083,51.2914439],[4.4423803,51.2913628],[4.4422739,51.2913748],[4.4422485,51.2914504],[4.4423218,51.2914543],[4.4424083,51.2914439]]}},{"type":"Feature","id":"way/370649815","properties":{"layer":"building"},"geometry":{"type":"LineString","coordinates":[[4.4423803,51.2913628],[4.4424083,51.2914439],[4.4425622,51.2914244],[4.4424528,51.2913536],[4.4423803,51.2913628]]}},{"type":"Feature","id":"way/370649816","properties":{"layer":"building"},"geometry":{"type":"LineString","coordinates":[[4.4428005,51.2914488],[4.4428253,51.2913766],[4.4427676,51.2913689],[4.4427717,51.2913569],[4.4427012,51.2913474],[4.4426723,51.2914316],[4.4428005,51.2914488]]}},{"type":"Feature","id":"way/370649817","properties":{"layer":"building"},"geometry":{"type":"LineString","coordinates":[[4.4415605,51.291605],[4.4415971,51.291518],[4.4414953,51.2915012],[4.4414586,51.2915883],[4.4415605,51.291605]]}},{"type":"Feature","id":"way/370649818","properties":{"layer":"building"},"geometry":{"type":"LineString","coordinates":[[4.4429319,51.2913804],[4.4428665,51.2913716],[4.442863,51.2913817],[4.4428253,51.2913766],[4.4428005,51.2914488],[4.4429037,51.2914627],[4.4429319,51.2913804]]}},{"type":"Feature","id":"way/370649819","properties":{"layer":"building"},"geometry":{"type":"LineString","coordinates":[[4.4416997,51.2915349],[4.4415971,51.291518],[4.4415605,51.291605],[4.441663,51.2916219],[4.4416997,51.2915349]]}},{"type":"Feature","id":"way/370649820","properties":{"layer":"building"},"geometry":{"type":"LineString","coordinates":[[4.4430967,51.2914037],[4.4430097,51.2913923],[4.4429814,51.2914762],[4.4430685,51.2914876],[4.4430967,51.2914037]]}},{"type":"Feature","id":"way/370649821","properties":{"layer":"building"},"geometry":{"type":"LineString","coordinates":[[4.4419011,51.2916931],[4.4419551,51.2915866],[4.4418605,51.2915678],[4.4418065,51.2916744],[4.4419011,51.2916931]]}},{"type":"Feature","id":"way/370649822","properties":{"layer":"building"},"geometry":{"type":"LineString","coordinates":[[4.4431535,51.2914988],[4.4431818,51.2914149],[4.4430967,51.2914037],[4.4430685,51.2914876],[4.4431535,51.2914988]]}},{"type":"Feature","id":"way/370649823","properties":{"layer":"building"},"geometry":{"type":"LineString","coordinates":[[4.4420289,51.2916012],[4.4419551,51.2915866],[4.4419011,51.2916931],[4.4419749,51.2917078],[4.4420289,51.2916012]]}},{"type":"Feature","id":"way/370649824","properties":{"layer":"building"},"geometry":{"type":"LineString","coordinates":[[4.4432545,51.2914245],[4.4431818,51.2914149],[4.4431535,51.2914988],[4.4432263,51.2915084],[4.4432545,51.2914245]]}},{"type":"Feature","id":"way/370649825","properties":{"layer":"building"},"geometry":{"type":"LineString","coordinates":[[4.4421656,51.2916508],[4.4422007,51.2915675],[4.4421246,51.291555],[4.4420896,51.2916383],[4.4421656,51.2916508]]}},{"type":"Feature","id":"way/370649826","properties":{"layer":"building"},"geometry":{"type":"LineString","coordinates":[[4.4433354,51.2915227],[4.4433636,51.2914388],[4.4432545,51.2914245],[4.4432263,51.2915084],[4.4433354,51.2915227]]}},{"type":"Feature","id":"way/370649827","properties":{"layer":"building"},"geometry":{"type":"LineString","coordinates":[[4.4422861,51.2915816],[4.4422007,51.2915675],[4.4421656,51.2916508],[4.4422511,51.2916648],[4.4422861,51.2915816]]}},{"type":"Feature","id":"way/370649828","properties":{"layer":"building"},"geometry":{"type":"LineString","coordinates":[[4.4434478,51.2914499],[4.4433636,51.2914388],[4.4433354,51.2915227],[4.4434196,51.2915338],[4.4434478,51.2914499]]}},{"type":"Feature","id":"way/370649829","properties":{"layer":"building"},"geometry":{"type":"LineString","coordinates":[[4.442475,51.2916226],[4.442388,51.2915982],[4.4423088,51.2917084],[4.4423959,51.2917329],[4.442475,51.2916226]]}},{"type":"Feature","id":"way/370649830","properties":{"layer":"building"},"geometry":{"type":"LineString","coordinates":[[4.4435209,51.2914538],[4.4434669,51.2914471],[4.4434379,51.2915377],[4.4434919,51.2915445],[4.4435209,51.2914538]]}},{"type":"Feature","id":"way/370649831","properties":{"layer":"building"},"geometry":{"type":"LineString","coordinates":[[4.4425443,51.2919494],[4.4424385,51.2919168],[4.4427566,51.2915509],[4.4428652,51.2915887],[4.4427676,51.2916985],[4.4427506,51.2917176],[4.4427487,51.2917197],[4.4427399,51.2917166],[4.4425443,51.2919494]]}},{"type":"Feature","id":"way/370649832","properties":{"layer":"building","name":"kopikofi"},"geometry":{"type":"LineString","coordinates":[[4.4428652,51.2915887],[4.4429646,51.2916233],[4.4428881,51.2917114],[4.4428697,51.2917327],[4.4427676,51.2916985],[4.4428652,51.2915887]]}},{"type":"Feature","id":"way/370649833","properties":{"layer":"building"},"geometry":{"type":"LineString","coordinates":[[4.4429646,51.2916233],[4.4430048,51.2915769],[4.4431102,51.2915926],[4.4430256,51.291689],[4.4430032,51.2917145],[4.4429425,51.2917836],[4.44287,51.2918661],[4.44278,51.2918362],[4.4428697,51.2917327],[4.4428881,51.2917114],[4.4429646,51.2916233]]}},{"type":"Feature","id":"way/370649834","properties":{"layer":"building"},"geometry":{"type":"LineString","coordinates":[[4.4431102,51.2915926],[4.4431814,51.2916033],[4.4431124,51.2916833],[4.4430879,51.2917116],[4.4430783,51.2917069],[4.4430256,51.291689],[4.4431102,51.2915926]]}},{"type":"Feature","id":"way/370649835","properties":{"layer":"building"},"geometry":{"type":"LineString","coordinates":[[4.444167,51.2916187],[4.444137,51.2915603],[4.4439838,51.2915986],[4.4439958,51.2916218],[4.4441418,51.2916429],[4.444167,51.2916187]]}},{"type":"Feature","id":"way/370649836","properties":{"layer":"building"},"geometry":{"type":"LineString","coordinates":[[4.4430032,51.2917145],[4.4430518,51.2917313],[4.4430783,51.2917069],[4.4430879,51.2917116],[4.4431124,51.2916833],[4.4431814,51.2916033],[4.4431895,51.2916044],[4.4432379,51.2916113],[4.4432458,51.2916275],[4.4431089,51.2917854],[4.4430912,51.2917792],[4.4430535,51.2918228],[4.4429425,51.2917836],[4.4430032,51.2917145]]}},{"type":"Feature","id":"way/370649837","properties":{"layer":"building"},"geometry":{"type":"LineString","coordinates":[[4.443459,51.2916964],[4.4434999,51.2916486],[4.4436666,51.2916717],[4.4436532,51.2916952],[4.4436195,51.2916857],[4.4435587,51.2917577],[4.4434785,51.2917311],[4.4434666,51.2917272],[4.4434852,51.2917051],[4.443459,51.2916964]]}},{"type":"Feature","id":"way/370649838","properties":{"layer":"building"},"geometry":{"type":"LineString","coordinates":[[4.4440553,51.2917185],[4.4439716,51.2917044],[4.4439469,51.2917619],[4.4440306,51.2917759],[4.4440553,51.2917185]]}},{"type":"Feature","id":"way/370649839","properties":{"layer":"building"},"geometry":{"type":"LineString","coordinates":[[4.4441222,51.2917913],[4.4441469,51.2917339],[4.4440553,51.2917185],[4.4440306,51.2917759],[4.4441222,51.2917913]]}},{"type":"Feature","id":"way/370650402","properties":{"layer":"building"},"geometry":{"type":"LineString","coordinates":[[4.4389596,51.2906644],[4.4387914,51.290626],[4.4387661,51.2906694],[4.4389343,51.2907078],[4.4389596,51.2906644]]}},{"type":"Feature","id":"way/370650403","properties":{"layer":"building"},"geometry":{"type":"LineString","coordinates":[[4.4387967,51.2903989],[4.4386908,51.2903728],[4.4386568,51.2904268],[4.4387628,51.2904529],[4.4387967,51.2903989]]}},{"type":"Feature","id":"way/370650404","properties":{"layer":"building"},"geometry":{"type":"LineString","coordinates":[[4.4391106,51.2904056],[4.4389424,51.2903672],[4.4389028,51.290435],[4.4390711,51.2904734],[4.4391106,51.2904056]]}},{"type":"Feature","id":"way/370650405","properties":{"layer":"building"},"geometry":{"type":"LineString","coordinates":[[4.4390821,51.2902844],[4.4390077,51.2902669],[4.4389517,51.2903601],[4.4390607,51.2903858],[4.4391168,51.2902925],[4.4390821,51.2902844]]}},{"type":"Feature","id":"way/370650406","properties":{"layer":"building"},"geometry":{"type":"LineString","coordinates":[[4.4388425,51.2903221],[4.4387183,51.2902927],[4.4386812,51.2903539],[4.4388054,51.2903833],[4.4388425,51.2903221]]}},{"type":"Feature","id":"way/370650407","properties":{"layer":"building"},"geometry":{"type":"LineString","coordinates":[[4.4392158,51.2902322],[4.4391262,51.2902111],[4.4390821,51.2902844],[4.4391168,51.2902925],[4.4392208,51.290317],[4.4392648,51.2902437],[4.4392158,51.2902322]]}},{"type":"Feature","id":"way/370650408","properties":{"layer":"building"},"geometry":{"type":"LineString","coordinates":[[4.4387874,51.2901799],[4.438747,51.2902453],[4.4388621,51.2902731],[4.4389026,51.2902077],[4.4387874,51.2901799]]}},{"type":"Feature","id":"way/370650409","properties":{"layer":"building"},"geometry":{"type":"LineString","coordinates":[[4.4389405,51.2901464],[4.4388253,51.2901186],[4.4387874,51.2901799],[4.4389026,51.2902077],[4.4389405,51.2901464]]}},{"type":"Feature","id":"way/370650410","properties":{"layer":"building"},"geometry":{"type":"LineString","coordinates":[[4.4385661,51.2905708],[4.4385387,51.2906143],[4.4386446,51.2906404],[4.438672,51.2905969],[4.4385661,51.2905708]]}},{"type":"Feature","id":"way/370650411","properties":{"layer":"building"},"geometry":{"type":"LineString","coordinates":[[4.4392502,51.290175],[4.4390937,51.2901382],[4.4390593,51.2901954],[4.4391262,51.2902111],[4.4392158,51.2902322],[4.4392502,51.290175]]}},{"type":"Feature","id":"way/370650412","properties":{"layer":"building"},"geometry":{"type":"LineString","coordinates":[[4.4392945,51.2901049],[4.439131,51.2900685],[4.4390963,51.2901294],[4.4392599,51.2901658],[4.4392945,51.2901049]]}},{"type":"Feature","id":"way/370650413","properties":{"layer":"building"},"geometry":{"type":"LineString","coordinates":[[4.4389525,51.2899151],[4.4389238,51.2899644],[4.4390504,51.2899932],[4.439079,51.2899439],[4.4389525,51.2899151]]}},{"type":"Feature","id":"way/370650414","properties":{"layer":"building"},"geometry":{"type":"LineString","coordinates":[[4.439209,51.2899313],[4.4391588,51.2900107],[4.4392887,51.2900428],[4.4393389,51.2899634],[4.439209,51.2899313]]}},{"type":"Feature","id":"way/370650415","properties":{"layer":"building"},"geometry":{"type":"LineString","coordinates":[[4.4391014,51.2899054],[4.4389749,51.2898766],[4.4389525,51.2899151],[4.439079,51.2899439],[4.4391014,51.2899054]]}},{"type":"Feature","id":"way/370650416","properties":{"layer":"building"},"geometry":{"type":"LineString","coordinates":[[4.4388198,51.2905773],[4.4387914,51.290626],[4.4389596,51.2906644],[4.4389881,51.2906156],[4.4388198,51.2905773]]}},{"type":"Feature","id":"way/370650417","properties":{"layer":"building"},"geometry":{"type":"LineString","coordinates":[[4.4390009,51.2898318],[4.4389749,51.2898766],[4.4391014,51.2899054],[4.4391275,51.2898606],[4.4390009,51.2898318]]}},{"type":"Feature","id":"way/370650418","properties":{"layer":"building"},"geometry":{"type":"LineString","coordinates":[[4.4391508,51.2898204],[4.4390243,51.2897916],[4.4390009,51.2898318],[4.4391275,51.2898606],[4.4391508,51.2898204]]}},{"type":"Feature","id":"way/370650419","properties":{"layer":"building"},"geometry":{"type":"LineString","coordinates":[[4.4390542,51.2897401],[4.4390243,51.2897916],[4.4391508,51.2898204],[4.4391808,51.2897688],[4.4390542,51.2897401]]}},{"type":"Feature","id":"way/370650420","properties":{"layer":"building"},"geometry":{"type":"LineString","coordinates":[[4.4392103,51.2897181],[4.4390838,51.2896893],[4.4390542,51.2897401],[4.4391808,51.2897688],[4.4392103,51.2897181]]}},{"type":"Feature","id":"way/370650421","properties":{"layer":"building"},"geometry":{"type":"LineString","coordinates":[[4.439398,51.2898698],[4.4392681,51.2898377],[4.439209,51.2899313],[4.4393389,51.2899634],[4.439398,51.2898698]]}},{"type":"Feature","id":"way/370650422","properties":{"layer":"building"},"geometry":{"type":"LineString","coordinates":[[4.4391088,51.2896462],[4.4390838,51.2896893],[4.4392103,51.2897181],[4.4392354,51.289675],[4.4391088,51.2896462]]}},{"type":"Feature","id":"way/370650423","properties":{"layer":"building"},"geometry":{"type":"LineString","coordinates":[[4.4387038,51.2905465],[4.4385978,51.2905204],[4.4385661,51.2905708],[4.438672,51.2905969],[4.4387038,51.2905465]]}},{"type":"Feature","id":"way/370650424","properties":{"layer":"building"},"geometry":{"type":"LineString","coordinates":[[4.4392649,51.2896242],[4.4391384,51.2895954],[4.4391088,51.2896462],[4.4392354,51.289675],[4.4392649,51.2896242]]}},{"type":"Feature","id":"way/370650425","properties":{"layer":"building"},"geometry":{"type":"LineString","coordinates":[[4.4395153,51.2896363],[4.43941,51.2896115],[4.4393776,51.2896652],[4.439483,51.28969],[4.4395153,51.2896363]]}},{"type":"Feature","id":"way/370650426","properties":{"layer":"building"},"geometry":{"type":"LineString","coordinates":[[4.4388458,51.2905328],[4.4388198,51.2905773],[4.4389881,51.2906156],[4.439014,51.2905712],[4.4388458,51.2905328]]}},{"type":"Feature","id":"way/370650427","properties":{"layer":"building"},"geometry":{"type":"LineString","coordinates":[[4.4386249,51.2904774],[4.4385978,51.2905204],[4.4387038,51.2905465],[4.4387308,51.2905035],[4.4386249,51.2904774]]}},{"type":"Feature","id":"way/370650428","properties":{"layer":"building"},"geometry":{"type":"LineString","coordinates":[[4.4390455,51.2905171],[4.4388773,51.2904788],[4.4388458,51.2905328],[4.439014,51.2905712],[4.4390455,51.2905171]]}},{"type":"Feature","id":"way/370650429","properties":{"layer":"building"},"geometry":{"type":"LineString","coordinates":[[4.4387628,51.2904529],[4.4386568,51.2904268],[4.4386249,51.2904774],[4.4387308,51.2905035],[4.4387628,51.2904529]]}},{"type":"Feature","id":"way/370650430","properties":{"layer":"building"},"geometry":{"type":"LineString","coordinates":[[4.4389028,51.290435],[4.4388773,51.2904788],[4.4390455,51.2905171],[4.4390711,51.2904734],[4.4389028,51.290435]]}},{"type":"Feature","id":"way/370650601","properties":{"layer":"building"},"geometry":{"type":"LineString","coordinates":[[4.4370249,51.2901283],[4.4369695,51.2901829],[4.4370925,51.2902316],[4.4371479,51.290177],[4.4370249,51.2901283]]}},{"type":"Feature","id":"way/370650602","properties":{"layer":"building"},"geometry":{"type":"LineString","coordinates":[[4.4378685,51.2899583],[4.4377545,51.2899141],[4.4377056,51.2899634],[4.4378196,51.2900076],[4.4378685,51.2899583]]}},{"type":"Feature","id":"way/370650603","properties":{"layer":"building"},"geometry":{"type":"LineString","coordinates":[[4.4372425,51.2898663],[4.4371934,51.2899148],[4.4373614,51.2899814],[4.4374106,51.289933],[4.4372425,51.2898663]]}},{"type":"Feature","id":"way/370650604","properties":{"layer":"building"},"geometry":{"type":"LineString","coordinates":[[4.4377925,51.2898757],[4.4377545,51.2899141],[4.4378685,51.2899583],[4.4379066,51.2899199],[4.4377925,51.2898757]]}},{"type":"Feature","id":"way/370650605","properties":{"layer":"building"},"geometry":{"type":"LineString","coordinates":[[4.4374485,51.2898956],[4.4372804,51.2898289],[4.4372425,51.2898663],[4.4374106,51.289933],[4.4374485,51.2898956]]}},{"type":"Feature","id":"way/370650606","properties":{"layer":"building"},"geometry":{"type":"LineString","coordinates":[[4.4379534,51.2898727],[4.4378393,51.2898285],[4.4377925,51.2898757],[4.4379066,51.2899199],[4.4379534,51.2898727]]}},{"type":"Feature","id":"way/370650607","properties":{"layer":"building"},"geometry":{"type":"LineString","coordinates":[[4.4379249,51.2897549],[4.4378805,51.2897949],[4.4379809,51.2898385],[4.4380253,51.2897985],[4.4379249,51.2897549]]}},{"type":"Feature","id":"way/370650608","properties":{"layer":"building"},"geometry":{"type":"LineString","coordinates":[[4.4380756,51.2897531],[4.4379752,51.2897095],[4.4379249,51.2897549],[4.4380253,51.2897985],[4.4380756,51.2897531]]}},{"type":"Feature","id":"way/370650609","properties":{"layer":"building"},"geometry":{"type":"LineString","coordinates":[[4.4380218,51.2896675],[4.4379752,51.2897095],[4.4380756,51.2897531],[4.4381223,51.2897111],[4.4380218,51.2896675]]}},{"type":"Feature","id":"way/370650610","properties":{"layer":"building"},"geometry":{"type":"LineString","coordinates":[[4.4376391,51.2896867],[4.4375128,51.2896325],[4.4374411,51.2896978],[4.4375674,51.289752],[4.4376391,51.2896867]]}},{"type":"Feature","id":"way/370650611","properties":{"layer":"building"},"geometry":{"type":"LineString","coordinates":[[4.4381679,51.28967],[4.4380674,51.2896264],[4.4380218,51.2896675],[4.4381223,51.2897111],[4.4381679,51.28967]]}},{"type":"Feature","id":"way/370650612","properties":{"layer":"building"},"geometry":{"type":"LineString","coordinates":[[4.4377907,51.2895431],[4.4376391,51.2894778],[4.4375538,51.2895551],[4.4377055,51.2896205],[4.4377907,51.2895431]]}},{"type":"Feature","id":"way/370650613","properties":{"layer":"building"},"geometry":{"type":"LineString","coordinates":[[4.4372005,51.290125],[4.4370775,51.2900763],[4.4370249,51.2901283],[4.4371479,51.290177],[4.4372005,51.290125]]}},{"type":"Feature","id":"way/370650614","properties":{"layer":"building"},"geometry":{"type":"LineString","coordinates":[[4.4374771,51.289151],[4.4373697,51.2891137],[4.4373117,51.2891789],[4.4374191,51.2892162],[4.4374771,51.289151]]}},{"type":"Feature","id":"way/370650615","properties":{"layer":"building"},"geometry":{"type":"LineString","coordinates":[[4.4383646,51.2890817],[4.4382437,51.2890381],[4.4381729,51.289115],[4.4382938,51.2891586],[4.4383646,51.2890817]]}},{"type":"Feature","id":"way/370650617","properties":{"layer":"building"},"geometry":{"type":"LineString","coordinates":[[4.4371483,51.2899593],[4.4370895,51.2900172],[4.4372576,51.2900838],[4.4373163,51.2900259],[4.4371483,51.2899593]]}},{"type":"Feature","id":"way/370650618","properties":{"layer":"building"},"geometry":{"type":"LineString","coordinates":[[4.4377756,51.290052],[4.4376616,51.2900078],[4.4376173,51.2900525],[4.4377314,51.2900967],[4.4377756,51.290052]]}},{"type":"Feature","id":"way/370650619","properties":{"layer":"building"},"geometry":{"type":"LineString","coordinates":[[4.4377056,51.2899634],[4.4376616,51.2900078],[4.4377756,51.290052],[4.4378196,51.2900076],[4.4377056,51.2899634]]}},{"type":"Feature","id":"way/370650620","properties":{"layer":"building"},"geometry":{"type":"LineString","coordinates":[[4.4373614,51.2899814],[4.4371934,51.2899148],[4.4371483,51.2899593],[4.4373163,51.2900259],[4.4373614,51.2899814]]}},{"type":"Feature","id":"way/370653396","properties":{"layer":"building"},"geometry":{"type":"LineString","coordinates":[[4.4384343,51.289489],[4.4384528,51.2894719],[4.4383841,51.2894429],[4.4383021,51.2894084],[4.438184,51.2895179],[4.4383347,51.2895814],[4.4384343,51.289489]]}},{"type":"Feature","id":"way/370653397","properties":{"layer":"building"},"geometry":{"type":"LineString","coordinates":[[4.4391128,51.2891831],[4.4390797,51.289235],[4.4392598,51.2892801],[4.4393115,51.2892009],[4.4391321,51.2891544],[4.4391128,51.2891831]]}},{"type":"Feature","id":"way/370653398","properties":{"layer":"building"},"geometry":{"type":"LineString","coordinates":[[4.4442381,51.2907005],[4.4440714,51.290739],[4.4441212,51.2908243],[4.4443365,51.2907738],[4.4443082,51.2907194],[4.444254,51.2907309],[4.4442381,51.2907005]]}},{"type":"Feature","id":"way/370653399","properties":{"layer":"building"},"geometry":{"type":"LineString","coordinates":[[4.4443394,51.2908628],[4.4442138,51.2908894],[4.4442251,51.2909063],[4.4441928,51.2909139],[4.444203,51.2909355],[4.4441896,51.2909385],[4.4442084,51.2909712],[4.4442964,51.2909527],[4.4443053,51.2909671],[4.4443823,51.2909487],[4.4443728,51.2909297],[4.4443845,51.2909276],[4.4443611,51.29089],[4.4443567,51.2908904],[4.4443394,51.2908628]]}},{"type":"Feature","id":"way/370653400","properties":{"layer":"building"},"geometry":{"type":"LineString","coordinates":[[4.4444319,51.2910248],[4.4443831,51.2910357],[4.4443654,51.2910047],[4.4442443,51.2910318],[4.4442843,51.2911017],[4.4443185,51.2910941],[4.444328,51.2911107],[4.4444637,51.2910803],[4.4444319,51.2910248]]}},{"type":"Feature","id":"way/370653401","properties":{"layer":"building"},"geometry":{"type":"LineString","coordinates":[[4.4444099,51.2911025],[4.4444164,51.2911158],[4.4443063,51.2911394],[4.4443379,51.2911941],[4.444612,51.2911478],[4.444688,51.291042],[4.4444099,51.2911025]]}},{"type":"Feature","id":"way/370653402","properties":{"layer":"building"},"geometry":{"type":"LineString","coordinates":[[4.4387659,51.2894893],[4.4387058,51.289464],[4.4386196,51.2895439],[4.4386797,51.2895693],[4.4387659,51.2894893]]}},{"type":"Feature","id":"way/370653403","properties":{"layer":"building"},"geometry":{"type":"LineString","coordinates":[[4.4389305,51.2893427],[4.4388795,51.2893295],[4.4388393,51.2893355],[4.4387803,51.2893935],[4.4388819,51.2894177],[4.4389305,51.2893427]]}},{"type":"Feature","id":"way/370653404","properties":{"layer":"building"},"geometry":{"type":"LineString","coordinates":[[4.4390107,51.289363],[4.4389305,51.2893427],[4.4388819,51.2894177],[4.4389621,51.289438],[4.4390107,51.289363]]}},{"type":"Feature","id":"way/370653405","properties":{"layer":"building"},"geometry":{"type":"LineString","coordinates":[[4.4390379,51.2894572],[4.4390865,51.2893822],[4.4390107,51.289363],[4.4389621,51.289438],[4.4390379,51.2894572]]}},{"type":"Feature","id":"way/370653406","properties":{"layer":"building"},"geometry":{"type":"LineString","coordinates":[[4.4395159,51.2892661],[4.4394365,51.2892457],[4.4393917,51.2893137],[4.4394711,51.2893342],[4.4395159,51.2892661]]}},{"type":"Feature","id":"way/370653407","properties":{"layer":"building"},"geometry":{"type":"LineString","coordinates":[[4.4391631,51.2894016],[4.4390865,51.2893822],[4.4390379,51.2894572],[4.4391145,51.2894766],[4.4391631,51.2894016]]}},{"type":"Feature","id":"way/370653408","properties":{"layer":"building"},"geometry":{"type":"LineString","coordinates":[[4.4395615,51.2893575],[4.4396063,51.2892894],[4.4395159,51.2892661],[4.4394711,51.2893342],[4.4395615,51.2893575]]}},{"type":"Feature","id":"way/370653409","properties":{"layer":"building"},"geometry":{"type":"LineString","coordinates":[[4.4391876,51.2894951],[4.4392362,51.2894201],[4.4391631,51.2894016],[4.4391145,51.2894766],[4.4391876,51.2894951]]}},{"type":"Feature","id":"way/370653410","properties":{"layer":"building"},"geometry":{"type":"LineString","coordinates":[[4.4396978,51.2893926],[4.4395615,51.2893575],[4.4395195,51.2894213],[4.4396558,51.2894564],[4.4396978,51.2893926]]}},{"type":"Feature","id":"way/370653411","properties":{"layer":"building"},"geometry":{"type":"LineString","coordinates":[[4.4400549,51.2894265],[4.4399714,51.2894071],[4.4399146,51.2895027],[4.4399981,51.2895221],[4.4400549,51.2894265]]}},{"type":"Feature","id":"way/370653412","properties":{"layer":"building"},"geometry":{"type":"LineString","coordinates":[[4.4393048,51.2894375],[4.4392362,51.2894201],[4.4391876,51.2894951],[4.4392562,51.2895125],[4.4393048,51.2894375]]}},{"type":"Feature","id":"way/370653413","properties":{"layer":"building"},"geometry":{"type":"LineString","coordinates":[[4.4401615,51.2895717],[4.4402161,51.2894884],[4.4401264,51.2894654],[4.4400718,51.2895487],[4.4401615,51.2895717]]}},{"type":"Feature","id":"way/370653414","properties":{"layer":"building"},"geometry":{"type":"LineString","coordinates":[[4.4392562,51.2895125],[4.439326,51.2895302],[4.4393674,51.2894715],[4.4393451,51.2894517],[4.4393048,51.2894375],[4.4392562,51.2895125]]}},{"type":"Feature","id":"way/370653415","properties":{"layer":"building"},"geometry":{"type":"LineString","coordinates":[[4.4402972,51.2895092],[4.4402161,51.2894884],[4.4401615,51.2895717],[4.4402427,51.2895925],[4.4402972,51.2895092]]}},{"type":"Feature","id":"way/370653416","properties":{"layer":"building"},"geometry":{"type":"LineString","coordinates":[[4.4395593,51.2895971],[4.4396117,51.2895199],[4.4394938,51.2894886],[4.4394414,51.2895658],[4.4395593,51.2895971]]}},{"type":"Feature","id":"way/370653417","properties":{"layer":"building"},"geometry":{"type":"LineString","coordinates":[[4.4403155,51.2896111],[4.4403701,51.2895278],[4.4402972,51.2895092],[4.4402427,51.2895925],[4.4403155,51.2896111]]}},{"type":"Feature","id":"way/370653418","properties":{"layer":"building"},"geometry":{"type":"LineString","coordinates":[[4.4396875,51.2895401],[4.4396117,51.2895199],[4.4395593,51.2895971],[4.4396351,51.2896172],[4.4396875,51.2895401]]}},{"type":"Feature","id":"way/370653419","properties":{"layer":"building"},"geometry":{"type":"LineString","coordinates":[[4.440449,51.2895481],[4.4403701,51.2895278],[4.4403155,51.2896111],[4.4403944,51.2896313],[4.440449,51.2895481]]}},{"type":"Feature","id":"way/370653420","properties":{"layer":"building"},"geometry":{"type":"LineString","coordinates":[[4.4397188,51.2896395],[4.4397712,51.2895623],[4.4396875,51.2895401],[4.4396351,51.2896172],[4.4397188,51.2896395]]}},{"type":"Feature","id":"way/370653421","properties":{"layer":"building"},"geometry":{"type":"LineString","coordinates":[[4.4413602,51.289298],[4.4412614,51.2892304],[4.4411544,51.2892916],[4.4412532,51.2893592],[4.4413602,51.289298]]}},{"type":"Feature","id":"way/370653422","properties":{"layer":"building"},"geometry":{"type":"LineString","coordinates":[[4.4398409,51.2895808],[4.4397712,51.2895623],[4.4397188,51.2896395],[4.4397885,51.289658],[4.4398409,51.2895808]]}},{"type":"Feature","id":"way/370653423","properties":{"layer":"building"},"geometry":{"type":"LineString","coordinates":[[4.4406177,51.2896318],[4.4406711,51.2895546],[4.4405746,51.2895285],[4.4405212,51.2896057],[4.4406177,51.2896318]]}},{"type":"Feature","id":"way/370653424","properties":{"layer":"building"},"geometry":{"type":"LineString","coordinates":[[4.4407563,51.2895776],[4.4406711,51.2895546],[4.4406177,51.2896318],[4.4407029,51.2896549],[4.4407563,51.2895776]]}},{"type":"Feature","id":"way/370653425","properties":{"layer":"building"},"geometry":{"type":"LineString","coordinates":[[4.4400308,51.2896348],[4.4399075,51.2896034],[4.4398616,51.2896738],[4.439985,51.2897052],[4.4400308,51.2896348]]}},{"type":"Feature","id":"way/370653426","properties":{"layer":"building"},"geometry":{"type":"LineString","coordinates":[[4.4407842,51.2896768],[4.4408376,51.2895996],[4.4407563,51.2895776],[4.4407029,51.2896549],[4.4407842,51.2896768]]}},{"type":"Feature","id":"way/370653427","properties":{"layer":"building"},"geometry":{"type":"LineString","coordinates":[[4.4402327,51.2896875],[4.4401588,51.2896681],[4.4401107,51.2897395],[4.4401847,51.289759],[4.4402327,51.2896875]]}},{"type":"Feature","id":"way/370653428","properties":{"layer":"building"},"geometry":{"type":"LineString","coordinates":[[4.4409107,51.2896193],[4.4408376,51.2895996],[4.4407842,51.2896768],[4.4408574,51.2896966],[4.4409107,51.2896193]]}},{"type":"Feature","id":"way/370653429","properties":{"layer":"building"},"geometry":{"type":"LineString","coordinates":[[4.4402519,51.2897766],[4.4403,51.2897052],[4.4402327,51.2896875],[4.4401847,51.289759],[4.4402519,51.2897766]]}},{"type":"Feature","id":"way/370653430","properties":{"layer":"building"},"geometry":{"type":"LineString","coordinates":[[4.4409234,51.2897145],[4.4409768,51.2896372],[4.4409107,51.2896193],[4.4408574,51.2896966],[4.4409234,51.2897145]]}},{"type":"Feature","id":"way/370653431","properties":{"layer":"building"},"geometry":{"type":"LineString","coordinates":[[4.4403683,51.2897232],[4.4403,51.2897052],[4.4402519,51.2897766],[4.4403203,51.2897946],[4.4403683,51.2897232]]}},{"type":"Feature","id":"way/370653432","properties":{"layer":"building"},"geometry":{"type":"LineString","coordinates":[[4.4410494,51.2896568],[4.4409768,51.2896372],[4.4409234,51.2897145],[4.440996,51.2897341],[4.4410494,51.2896568]]}},{"type":"Feature","id":"way/370653433","properties":{"layer":"building"},"geometry":{"type":"LineString","coordinates":[[4.4403269,51.2900657],[4.440171,51.2900261],[4.4401356,51.2900806],[4.4402916,51.2901201],[4.4403269,51.2900657]]}},{"type":"Feature","id":"way/370653434","properties":{"layer":"building"},"geometry":{"type":"LineString","coordinates":[[4.4411527,51.2897735],[4.441207,51.2896947],[4.4411268,51.289673],[4.4410725,51.2897519],[4.4411527,51.2897735]]}},{"type":"Feature","id":"way/370653435","properties":{"layer":"building"},"geometry":{"type":"LineString","coordinates":[[4.4405374,51.2897691],[4.4404547,51.2897466],[4.4403974,51.2898291],[4.4404801,51.2898516],[4.4405374,51.2897691]]}},{"type":"Feature","id":"way/370653436","properties":{"layer":"building"},"geometry":{"type":"LineString","coordinates":[[4.44128,51.2897143],[4.441207,51.2896947],[4.4411527,51.2897735],[4.4412257,51.2897932],[4.44128,51.2897143]]}},{"type":"Feature","id":"way/370653437","properties":{"layer":"building"},"geometry":{"type":"LineString","coordinates":[[4.4405669,51.2898751],[4.4406241,51.2897926],[4.4405374,51.2897691],[4.4404801,51.2898516],[4.4405669,51.2898751]]}},{"type":"Feature","id":"way/370653438","properties":{"layer":"building"},"geometry":{"type":"LineString","coordinates":[[4.4412953,51.2898119],[4.4413496,51.2897331],[4.44128,51.2897143],[4.4412257,51.2897932],[4.4412953,51.2898119]]}},{"type":"Feature","id":"way/370653439","properties":{"layer":"building"},"geometry":{"type":"LineString","coordinates":[[4.4406828,51.2898086],[4.4406241,51.2897926],[4.4405669,51.2898751],[4.4406255,51.289891],[4.4406828,51.2898086]]}},{"type":"Feature","id":"way/370653440","properties":{"layer":"building"},"geometry":{"type":"LineString","coordinates":[[4.4414182,51.2897516],[4.4413496,51.2897331],[4.4412953,51.2898119],[4.4413672,51.2898321],[4.4414182,51.2897516]]}},{"type":"Feature","id":"way/370653441","properties":{"layer":"building"},"geometry":{"type":"LineString","coordinates":[[4.440732,51.2899934],[4.4406719,51.2899758],[4.4406394,51.2900193],[4.4406996,51.2900368],[4.440732,51.2899934]]}},{"type":"Feature","id":"way/370653442","properties":{"layer":"building"},"geometry":{"type":"LineString","coordinates":[[4.4414182,51.2897516],[4.4413672,51.2898321],[4.4414409,51.2898504],[4.4415064,51.289747],[4.4414327,51.2897287],[4.4414182,51.2897516]]}},{"type":"Feature","id":"way/370653443","properties":{"layer":"building"},"geometry":{"type":"LineString","coordinates":[[4.4408482,51.289854],[4.4407748,51.2899585],[4.4408493,51.2899789],[4.4409057,51.2898986],[4.4409227,51.2898744],[4.4408482,51.289854]]}},{"type":"Feature","id":"way/370653444","properties":{"layer":"building"},"geometry":{"type":"LineString","coordinates":[[4.4416203,51.289815],[4.4415213,51.2897894],[4.4414743,51.2898604],[4.4415734,51.289886],[4.4416203,51.289815]]}},{"type":"Feature","id":"way/370653445","properties":{"layer":"building"},"geometry":{"type":"LineString","coordinates":[[4.4408493,51.2899789],[4.4409326,51.2900018],[4.440989,51.2899214],[4.4409057,51.2898986],[4.4408493,51.2899789]]}},{"type":"Feature","id":"way/370653446","properties":{"layer":"building"},"geometry":{"type":"LineString","coordinates":[[4.4413085,51.290036],[4.4413299,51.2899891],[4.4413019,51.2899698],[4.4411912,51.2899467],[4.4411655,51.2900149],[4.4413085,51.290036]]}},{"type":"Feature","id":"way/370653447","properties":{"layer":"building"},"geometry":{"type":"LineString","coordinates":[[4.4391692,51.2891018],[4.4390062,51.2890576],[4.4389473,51.2891381],[4.4391128,51.2891831],[4.4391321,51.2891544],[4.4391692,51.2891018]]}},{"type":"Feature","id":"way/370653448","properties":{"layer":"building"},"geometry":{"type":"LineString","coordinates":[[4.4417069,51.2900729],[4.4415901,51.2900477],[4.4415573,51.290107],[4.4416741,51.2901323],[4.4417069,51.2900729]]}},{"type":"Feature","id":"way/370653449","properties":{"layer":"building"},"geometry":{"type":"LineString","coordinates":[[4.4418015,51.2899436],[4.4418463,51.2898724],[4.4417755,51.2898549],[4.4417307,51.2899262],[4.4418015,51.2899436]]}},{"type":"Feature","id":"way/370653450","properties":{"layer":"building"},"geometry":{"type":"LineString","coordinates":[[4.4419371,51.2902329],[4.4419919,51.2901473],[4.4419092,51.2901267],[4.4418545,51.2902122],[4.4419371,51.2902329]]}},{"type":"Feature","id":"way/370653451","properties":{"layer":"building"},"geometry":{"type":"LineString","coordinates":[[4.4419129,51.2898887],[4.4418463,51.2898724],[4.4418015,51.2899436],[4.4418681,51.28996],[4.4419129,51.2898887]]}},{"type":"Feature","id":"way/370653452","properties":{"layer":"building"},"geometry":{"type":"LineString","coordinates":[[4.4420628,51.2901651],[4.4419919,51.2901473],[4.4419371,51.2902329],[4.4420081,51.2902507],[4.4420628,51.2901651]]}},{"type":"Feature","id":"way/370653453","properties":{"layer":"building"},"geometry":{"type":"LineString","coordinates":[[4.4420079,51.289914],[4.4419499,51.2898997],[4.4419051,51.2899707],[4.4419631,51.289985],[4.4420079,51.289914]]}},{"type":"Feature","id":"way/370653454","properties":{"layer":"building"},"geometry":{"type":"LineString","coordinates":[[4.4422419,51.2902088],[4.442077,51.2901678],[4.4420265,51.2902473],[4.4421913,51.2902883],[4.4422331,51.2902183],[4.4422419,51.2902088]]}},{"type":"Feature","id":"way/370653455","properties":{"layer":"building"},"geometry":{"type":"LineString","coordinates":[[4.4423401,51.2903262],[4.4423869,51.2902542],[4.4422331,51.2902183],[4.4421913,51.2902883],[4.4423401,51.2903262]]}},{"type":"Feature","id":"way/370653456","properties":{"layer":"building"},"geometry":{"type":"LineString","coordinates":[[4.4385541,51.2895398],[4.4384343,51.289489],[4.4383347,51.2895814],[4.4384538,51.2896322],[4.4385541,51.2895398]]}},{"type":"Feature","id":"way/370653457","properties":{"layer":"building"},"geometry":{"type":"LineString","coordinates":[[4.4422144,51.2900261],[4.4421357,51.2900048],[4.4420894,51.2900716],[4.4421681,51.2900929],[4.4422144,51.2900261]]}},{"type":"Feature","id":"way/370653458","properties":{"layer":"building"},"geometry":{"type":"LineString","coordinates":[[4.4424537,51.2902711],[4.4423869,51.2902542],[4.4423401,51.2903262],[4.4424069,51.2903431],[4.4424537,51.2902711]]}},{"type":"Feature","id":"way/370653459","properties":{"layer":"building"},"geometry":{"type":"LineString","coordinates":[[4.4422144,51.2900261],[4.4421681,51.2900929],[4.4422425,51.2901131],[4.4422888,51.2900462],[4.4422144,51.2900261]]}},{"type":"Feature","id":"way/370653460","properties":{"layer":"building"},"geometry":{"type":"LineString","coordinates":[[4.4424761,51.2903607],[4.4425229,51.2902887],[4.4424537,51.2902711],[4.4424069,51.2903431],[4.4424761,51.2903607]]}},{"type":"Feature","id":"way/370653461","properties":{"layer":"building"},"geometry":{"type":"LineString","coordinates":[[4.4422425,51.2901131],[4.4423019,51.2901292],[4.4423483,51.2900623],[4.4422888,51.2900462],[4.4422425,51.2901131]]}},{"type":"Feature","id":"way/370653462","properties":{"layer":"building"},"geometry":{"type":"LineString","coordinates":[[4.4425985,51.2903079],[4.4425229,51.2902887],[4.4424761,51.2903607],[4.4425517,51.2903799],[4.4425985,51.2903079]]}},{"type":"Feature","id":"way/370653463","properties":{"layer":"building"},"geometry":{"type":"LineString","coordinates":[[4.4423483,51.2900623],[4.4423019,51.2901292],[4.4423757,51.2901492],[4.442422,51.2900823],[4.4423483,51.2900623]]}},{"type":"Feature","id":"way/370653464","properties":{"layer":"building"},"geometry":{"type":"LineString","coordinates":[[4.4426318,51.2904003],[4.4426785,51.2903282],[4.4425985,51.2903079],[4.4425517,51.2903799],[4.4426318,51.2904003]]}},{"type":"Feature","id":"way/370653465","properties":{"layer":"building"},"geometry":{"type":"LineString","coordinates":[[4.4423757,51.2901492],[4.4424488,51.290169],[4.4424951,51.2901021],[4.442422,51.2900823],[4.4423757,51.2901492]]}},{"type":"Feature","id":"way/370653466","properties":{"layer":"building"},"geometry":{"type":"LineString","coordinates":[[4.4427484,51.290346],[4.4426785,51.2903282],[4.4426318,51.2904003],[4.4427016,51.290418],[4.4427484,51.290346]]}},{"type":"Feature","id":"way/370653467","properties":{"layer":"building"},"geometry":{"type":"LineString","coordinates":[[4.4424951,51.2901021],[4.4424488,51.290169],[4.4425359,51.2901926],[4.4425822,51.2901257],[4.4424951,51.2901021]]}},{"type":"Feature","id":"way/370653468","properties":{"layer":"building"},"geometry":{"type":"LineString","coordinates":[[4.4427484,51.290346],[4.4427016,51.290418],[4.4428261,51.2904442],[4.4428456,51.2903876],[4.4428281,51.2903661],[4.4427484,51.290346]]}},{"type":"Feature","id":"way/370653469","properties":{"layer":"building"},"geometry":{"type":"LineString","coordinates":[[4.4425359,51.2901926],[4.442617,51.2902145],[4.4426633,51.2901477],[4.4425822,51.2901257],[4.4425359,51.2901926]]}},{"type":"Feature","id":"way/370653470","properties":{"layer":"building"},"geometry":{"type":"LineString","coordinates":[[4.4432838,51.2905777],[4.4431312,51.2905345],[4.4430494,51.2906475],[4.443202,51.2906907],[4.4432838,51.2905777]]}},{"type":"Feature","id":"way/370653471","properties":{"layer":"building"},"geometry":{"type":"LineString","coordinates":[[4.4426633,51.2901477],[4.442617,51.2902145],[4.4427174,51.2902407],[4.4427436,51.290148],[4.4426662,51.2901393],[4.4426633,51.2901477]]}},{"type":"Feature","id":"way/370653472","properties":{"layer":"building"},"geometry":{"type":"LineString","coordinates":[[4.4435072,51.2906496],[4.4434055,51.2907094],[4.4434909,51.2907662],[4.4435466,51.2907335],[4.4435256,51.2907195],[4.4435716,51.2906924],[4.4435072,51.2906496]]}},{"type":"Feature","id":"way/370653473","properties":{"layer":"building"},"geometry":{"type":"LineString","coordinates":[[4.4427436,51.290148],[4.4427174,51.2902407],[4.4428069,51.2902587],[4.4428394,51.2901506],[4.4427437,51.2901352],[4.4427436,51.290148]]}},{"type":"Feature","id":"way/370653474","properties":{"layer":"building"},"geometry":{"type":"LineString","coordinates":[[4.4437287,51.2908782],[4.443661,51.2907826],[4.4435498,51.2908134],[4.4436175,51.290909],[4.4437287,51.2908782]]}},{"type":"Feature","id":"way/370653475","properties":{"layer":"building"},"geometry":{"type":"LineString","coordinates":[[4.4428069,51.2902587],[4.442893,51.2902784],[4.4429301,51.2901616],[4.4428394,51.2901506],[4.4428069,51.2902587]]}},{"type":"Feature","id":"way/370653476","properties":{"layer":"building"},"geometry":{"type":"LineString","coordinates":[[4.4438214,51.2910544],[4.4437909,51.2909986],[4.4435966,51.2910402],[4.4436271,51.291096],[4.4438214,51.2910544]]}},{"type":"Feature","id":"way/370653477","properties":{"layer":"building"},"geometry":{"type":"LineString","coordinates":[[4.4433466,51.2901749],[4.4432511,51.290151],[4.4432242,51.2901931],[4.4431495,51.2901744],[4.4431141,51.2902297],[4.4431702,51.2902438],[4.443155,51.2902675],[4.4432457,51.2902902],[4.4432903,51.2902206],[4.4433136,51.2902264],[4.4433466,51.2901749]]}},{"type":"Feature","id":"way/370653478","properties":{"layer":"building"},"geometry":{"type":"LineString","coordinates":[[4.4438933,51.2911893],[4.4437505,51.291225],[4.443783,51.2912758],[4.4437382,51.291287],[4.4437554,51.291314],[4.443803,51.2913022],[4.4438222,51.2913322],[4.4439623,51.2912972],[4.4438933,51.2911893]]}},{"type":"Feature","id":"way/370653479","properties":{"layer":"building"},"geometry":{"type":"LineString","coordinates":[[4.4435293,51.2902659],[4.4434104,51.2902379],[4.4433517,51.2903354],[4.4434706,51.2903634],[4.4435293,51.2902659]]}},{"type":"Feature","id":"way/370653480","properties":{"layer":"building"},"geometry":{"type":"LineString","coordinates":[[4.4440081,51.2914012],[4.4438848,51.2914271],[4.4439164,51.2914859],[4.4440397,51.2914599],[4.4440081,51.2914012]]}},{"type":"Feature","id":"way/370653481","properties":{"layer":"building"},"geometry":{"type":"LineString","coordinates":[[4.4437579,51.2902959],[4.4436109,51.2902613],[4.4435684,51.2903319],[4.4436039,51.2903402],[4.4435828,51.2903753],[4.4436943,51.2904015],[4.4437579,51.2902959]]}},{"type":"Feature","id":"way/370653482","properties":{"layer":"building"},"geometry":{"type":"LineString","coordinates":[[4.4441058,51.2915082],[4.443885,51.2915719],[4.4439054,51.2916007],[4.4439765,51.291578],[4.4439885,51.2915951],[4.4441393,51.2915561],[4.4441058,51.2915082]]}},{"type":"Feature","id":"way/370653483","properties":{"layer":"building"},"geometry":{"type":"LineString","coordinates":[[4.4438512,51.2903741],[4.4439511,51.2903197],[4.4438896,51.2902762],[4.4439464,51.2902435],[4.4439064,51.2902192],[4.4437965,51.2903383],[4.4438178,51.290352],[4.443822,51.2903613],[4.4438341,51.2903695],[4.4438512,51.2903741]]}},{"type":"Feature","id":"way/370653485","properties":{"layer":"building"},"geometry":{"type":"LineString","coordinates":[[4.4440723,51.2903416],[4.4440112,51.2903028],[4.4440024,51.2903072],[4.4439691,51.2902876],[4.4439511,51.2903197],[4.4438512,51.2903741],[4.443897,51.2904055],[4.443923,51.2903907],[4.4439422,51.2904032],[4.4440075,51.2903666],[4.4440176,51.2903731],[4.4440723,51.2903416]]}},{"type":"Feature","id":"way/370653486","properties":{"layer":"building"},"geometry":{"type":"LineString","coordinates":[[4.4441017,51.2906175],[4.4439804,51.2905874],[4.4439513,51.290632],[4.4440226,51.290651],[4.4440165,51.2906597],[4.4440474,51.2906683],[4.44405,51.2906666],[4.4440639,51.2906697],[4.4440798,51.2906657],[4.4440869,51.2906545],[4.4440821,51.2906471],[4.4441017,51.2906175]]}},{"type":"Feature","id":"way/370689098","properties":{"layer":"building"},"geometry":{"type":"LineString","coordinates":[[4.4397338,51.2889408],[4.4395714,51.2889434],[4.4395761,51.2890031],[4.4395089,51.2890016],[4.439505,51.2890576],[4.4395944,51.2890776],[4.4396008,51.289133],[4.4396413,51.2891331],[4.4396416,51.2891705],[4.439739,51.2891684],[4.4397338,51.2889408]]}},{"type":"Feature","id":"way/370689099","properties":{"layer":"building"},"geometry":{"type":"LineString","coordinates":[[4.4403692,51.2886647],[4.4402561,51.2886048],[4.4401556,51.288679],[4.4402686,51.2887389],[4.4403692,51.2886647]]}},{"type":"Feature","id":"way/370689100","properties":{"layer":"building"},"geometry":{"type":"LineString","coordinates":[[4.4405364,51.2887544],[4.4404267,51.2886936],[4.4403205,51.2887685],[4.4404302,51.2888294],[4.4405364,51.2887544]]}},{"type":"Feature","id":"way/370689103","properties":{"layer":"building"},"geometry":{"type":"LineString","coordinates":[[4.4407353,51.2888986],[4.4406449,51.2888265],[4.4405376,51.2888791],[4.440628,51.2889512],[4.4407353,51.2888986]]}},{"type":"Feature","id":"way/370689104","properties":{"layer":"building"},"geometry":{"type":"LineString","coordinates":[[4.4408822,51.2890096],[4.4407896,51.2889403],[4.4406905,51.2889922],[4.4407831,51.2890614],[4.4408822,51.2890096]]}},{"type":"Feature","id":"way/370689106","properties":{"layer":"building"},"geometry":{"type":"LineString","coordinates":[[4.441045,51.2891162],[4.4409475,51.2890415],[4.4408654,51.2890834],[4.4408889,51.2891014],[4.4408493,51.2891216],[4.4409233,51.2891783],[4.441045,51.2891162]]}},{"type":"Feature","id":"way/370689107","properties":{"layer":"building"},"geometry":{"type":"LineString","coordinates":[[4.4408698,51.289206],[4.4407749,51.289134],[4.440668,51.289189],[4.4407629,51.2892611],[4.4408698,51.289206]]}},{"type":"Feature","id":"way/370689108","properties":{"layer":"building"},"geometry":{"type":"LineString","coordinates":[[4.4407006,51.2892963],[4.4406289,51.2892403],[4.4405914,51.289259],[4.440569,51.2892415],[4.4404918,51.2892802],[4.4405859,51.2893537],[4.4407006,51.2892963]]}},{"type":"Feature","id":"way/370689109","properties":{"layer":"building"},"geometry":{"type":"LineString","coordinates":[[4.44055,51.2891841],[4.4404539,51.289117],[4.4403659,51.2891663],[4.440462,51.2892334],[4.44055,51.2891841]]}},{"type":"Feature","id":"way/370689110","properties":{"layer":"building"},"geometry":{"type":"LineString","coordinates":[[4.4404031,51.2890696],[4.4403127,51.2890011],[4.4402103,51.2890539],[4.4403007,51.2891224],[4.4404031,51.2890696]]}},{"type":"Feature","id":"way/370689112","properties":{"layer":"building"},"geometry":{"type":"LineString","coordinates":[[4.4402539,51.2889431],[4.4401556,51.2888901],[4.4400643,51.2889564],[4.4401626,51.2890094],[4.4402539,51.2889431]]}},{"type":"Feature","id":"way/370689113","properties":{"layer":"building"},"geometry":{"type":"LineString","coordinates":[[4.4400968,51.2888541],[4.4399896,51.2887971],[4.4398879,51.2888721],[4.4399951,51.288929],[4.4400968,51.2888541]]}},{"type":"Feature","id":"way/370689140","properties":{"layer":"building"},"geometry":{"type":"LineString","coordinates":[[4.4369565,51.2880467],[4.4370362,51.2880711],[4.4370951,51.287996],[4.4370153,51.2879716],[4.4369565,51.2880467]]}},{"type":"Feature","id":"way/370689141","properties":{"layer":"building"},"geometry":{"type":"LineString","coordinates":[[4.4372495,51.2880535],[4.4371674,51.2880263],[4.4371042,51.288101],[4.4371863,51.2881281],[4.4372495,51.2880535]]}},{"type":"Feature","id":"way/370689142","properties":{"layer":"building"},"geometry":{"type":"LineString","coordinates":[[4.4372536,51.2881504],[4.4373168,51.2880757],[4.4372495,51.2880535],[4.4371863,51.2881281],[4.4372536,51.2881504]]}},{"type":"Feature","id":"way/370689144","properties":{"layer":"building"},"geometry":{"type":"LineString","coordinates":[[4.4373983,51.2881027],[4.4373168,51.2880757],[4.4372536,51.2881504],[4.4373351,51.2881774],[4.4373983,51.2881027]]}},{"type":"Feature","id":"way/370689145","properties":{"layer":"building"},"geometry":{"type":"LineString","coordinates":[[4.4376869,51.2884865],[4.4375358,51.2884453],[4.4375044,51.2884902],[4.4375425,51.2885006],[4.4374834,51.2885854],[4.4375964,51.2886162],[4.4376869,51.2884865]]}},{"type":"Feature","id":"way/370689148","properties":{"layer":"building"},"geometry":{"type":"LineString","coordinates":[[4.4378901,51.2882395],[4.4377767,51.2882022],[4.4377152,51.2882754],[4.4378286,51.2883127],[4.4378901,51.2882395]]}},{"type":"Feature","id":"way/370689150","properties":{"layer":"building"},"geometry":{"type":"LineString","coordinates":[[4.4379025,51.2883369],[4.437964,51.2882637],[4.4378901,51.2882395],[4.4378286,51.2883127],[4.4379025,51.2883369]]}},{"type":"Feature","id":"way/370689151","properties":{"layer":"building"},"geometry":{"type":"LineString","coordinates":[[4.4380185,51.2882816],[4.437964,51.2882637],[4.4379025,51.2883369],[4.437957,51.2883548],[4.4380185,51.2882816]]}},{"type":"Feature","id":"way/370689152","properties":{"layer":"building"},"geometry":{"type":"LineString","coordinates":[[4.4380367,51.2883942],[4.4381079,51.2883206],[4.4380369,51.2882938],[4.4379657,51.2883674],[4.4380367,51.2883942]]}},{"type":"Feature","id":"way/370689154","properties":{"layer":"building"},"geometry":{"type":"LineString","coordinates":[[4.4381766,51.2883466],[4.4381079,51.2883206],[4.4380367,51.2883942],[4.4381054,51.2884202],[4.4381766,51.2883466]]}},{"type":"Feature","id":"way/370689155","properties":{"layer":"building"},"geometry":{"type":"LineString","coordinates":[[4.4381736,51.2882251],[4.4382667,51.2881262],[4.4381786,51.2880938],[4.4380856,51.2881927],[4.4381736,51.2882251]]}},{"type":"Feature","id":"way/370689156","properties":{"layer":"building"},"geometry":{"type":"LineString","coordinates":[[4.4382353,51.2884577],[4.4381316,51.2884242],[4.4380393,51.2885359],[4.438143,51.2885694],[4.4381899,51.2885127],[4.4382353,51.2884577]]}},{"type":"Feature","id":"way/370689157","properties":{"layer":"building"},"geometry":{"type":"LineString","coordinates":[[4.4383886,51.2881711],[4.4382667,51.2881262],[4.4381736,51.2882251],[4.4382956,51.28827],[4.4383501,51.2882121],[4.4383886,51.2881711]]}},{"type":"Feature","id":"way/370689158","properties":{"layer":"building"},"geometry":{"type":"LineString","coordinates":[[4.4382353,51.2884577],[4.4381899,51.2885127],[4.4382797,51.2885417],[4.4383768,51.2884243],[4.4382869,51.2883953],[4.4382353,51.2884577]]}},{"type":"Feature","id":"way/370689159","properties":{"layer":"building"},"geometry":{"type":"LineString","coordinates":[[4.4383501,51.2882121],[4.4382956,51.28827],[4.4383858,51.2883033],[4.4384404,51.2882453],[4.4383501,51.2882121]]}},{"type":"Feature","id":"way/370689160","properties":{"layer":"building"},"geometry":{"type":"LineString","coordinates":[[4.4384931,51.2884737],[4.4384272,51.2884472],[4.4383191,51.2885523],[4.4383851,51.2885788],[4.4384931,51.2884737]]}},{"type":"Feature","id":"way/370689161","properties":{"layer":"building"},"geometry":{"type":"LineString","coordinates":[[4.4384569,51.2882507],[4.4383983,51.288313],[4.4384863,51.2883454],[4.438545,51.2882831],[4.4384569,51.2882507]]}},{"type":"Feature","id":"way/370689162","properties":{"layer":"building"},"geometry":{"type":"LineString","coordinates":[[4.438545,51.2882831],[4.4384863,51.2883454],[4.4385735,51.2883774],[4.4386321,51.2883151],[4.438545,51.2882831]]}},{"type":"Feature","id":"way/370689163","properties":{"layer":"building"},"geometry":{"type":"LineString","coordinates":[[4.4386525,51.2883235],[4.4385903,51.2883864],[4.4386805,51.2884212],[4.4387426,51.2883583],[4.4386525,51.2883235]]}},{"type":"Feature","id":"way/370689164","properties":{"layer":"building"},"geometry":{"type":"LineString","coordinates":[[4.4386805,51.2884212],[4.4387795,51.2884595],[4.4388417,51.2883966],[4.4387426,51.2883583],[4.4386805,51.2884212]]}},{"type":"Feature","id":"way/370689165","properties":{"layer":"building"},"geometry":{"type":"LineString","coordinates":[[4.4389813,51.2884507],[4.4388559,51.2884005],[4.4387908,51.2884641],[4.4389163,51.2885142],[4.4389813,51.2884507]]}},{"type":"Feature","id":"way/370689166","properties":{"layer":"building"},"geometry":{"type":"LineString","coordinates":[[4.4389163,51.2885142],[4.4390104,51.2885519],[4.4390754,51.2884883],[4.4389813,51.2884507],[4.4389163,51.2885142]]}},{"type":"Feature","id":"way/370689167","properties":{"layer":"building"},"geometry":{"type":"LineString","coordinates":[[4.4392525,51.2885722],[4.4391605,51.2885379],[4.4391052,51.2885958],[4.4391971,51.2886302],[4.4392525,51.2885722]]}},{"type":"Feature","id":"way/370689169","properties":{"layer":"building"},"geometry":{"type":"LineString","coordinates":[[4.4392525,51.2885722],[4.4391971,51.2886302],[4.4392532,51.2886511],[4.4393086,51.2885932],[4.4392525,51.2885722]]}},{"type":"Feature","id":"way/370689170","properties":{"layer":"building"},"geometry":{"type":"LineString","coordinates":[[4.4392134,51.2888558],[4.4392796,51.2887912],[4.4392103,51.2887634],[4.4391441,51.2888279],[4.4392134,51.2888558]]}},{"type":"Feature","id":"way/370689171","properties":{"layer":"building"},"geometry":{"type":"LineString","coordinates":[[4.4393723,51.2886175],[4.4393124,51.2886804],[4.4394058,51.2887152],[4.4394657,51.2886523],[4.4393723,51.2886175]]}},{"type":"Feature","id":"way/370689172","properties":{"layer":"building"},"geometry":{"type":"LineString","coordinates":[[4.4393491,51.2888191],[4.4392796,51.2887912],[4.4392134,51.2888558],[4.4392828,51.2888836],[4.4393491,51.2888191]]}},{"type":"Feature","id":"way/370689173","properties":{"layer":"building"},"geometry":{"type":"LineString","coordinates":[[4.4394775,51.2886704],[4.4394232,51.2887228],[4.439504,51.2887556],[4.4395758,51.2886862],[4.4395315,51.2886683],[4.4395141,51.2886852],[4.4394775,51.2886704]]}},{"type":"Feature","id":"way/370689174","properties":{"layer":"building"},"geometry":{"type":"LineString","coordinates":[[4.4393484,51.28891],[4.4394147,51.2888454],[4.4393491,51.2888191],[4.4392828,51.2888836],[4.4393484,51.28891]]}},{"type":"Feature","id":"way/370689175","properties":{"layer":"building"},"geometry":{"type":"LineString","coordinates":[[4.439504,51.2887556],[4.4396331,51.2888078],[4.4397049,51.2887385],[4.4395758,51.2886862],[4.439504,51.2887556]]}},{"type":"Feature","id":"way/370689176","properties":{"layer":"building"},"geometry":{"type":"LineString","coordinates":[[4.4394904,51.2888758],[4.4394147,51.2888454],[4.4393484,51.28891],[4.4394241,51.2889403],[4.4394904,51.2888758]]}},{"type":"Feature","id":"way/370689177","properties":{"layer":"building"},"geometry":{"type":"LineString","coordinates":[[4.4402008,51.2885707],[4.4400968,51.288512],[4.4399975,51.2885809],[4.4401015,51.2886395],[4.4402008,51.2885707]]}},{"type":"Feature","id":"way/370689773","properties":{"layer":"building"},"geometry":{"type":"LineString","coordinates":[[4.4392384,51.2878702],[4.439232,51.2878761],[4.4392417,51.2878796],[4.4392365,51.2878856],[4.4392888,51.2879009],[4.4392792,51.2879144],[4.4392879,51.2879167],[4.4392812,51.2879262],[4.4393109,51.2879344],[4.439302,51.2879472],[4.43934,51.2879577],[4.4392926,51.2880281],[4.439118,51.2879791],[4.4391971,51.2878696],[4.439177,51.2878619],[4.4391915,51.2878493],[4.4392384,51.2878702]]}},{"type":"Feature","id":"way/370689776","properties":{"layer":"building"},"geometry":{"type":"LineString","coordinates":[[4.4398001,51.2880427],[4.4396325,51.2879733],[4.4395745,51.288028],[4.4397422,51.2880975],[4.4398001,51.2880427]]}},{"type":"Feature","id":"way/370689778","properties":{"layer":"building"},"geometry":{"type":"LineString","coordinates":[[4.4395836,51.2881276],[4.4395994,51.2881065],[4.4395069,51.2880794],[4.4394359,51.2881741],[4.4395748,51.2882148],[4.43963,51.2881412],[4.4395836,51.2881276]]}},{"type":"Feature","id":"way/370689780","properties":{"layer":"building"},"geometry":{"type":"LineString","coordinates":[[4.439594,51.2883091],[4.4394195,51.2882666],[4.4393691,51.2883476],[4.4395435,51.2883901],[4.439594,51.2883091]]}},{"type":"Feature","id":"way/370692257","properties":{"layer":"building"},"geometry":{"type":"LineString","coordinates":[[4.4392103,51.2887634],[4.4391496,51.2887402],[4.4391157,51.2887449],[4.439055,51.2888111],[4.439136,51.2888378],[4.4391441,51.2888279],[4.4392103,51.2887634]]}},{"type":"Feature","id":"way/370692259","properties":{"layer":"building"},"geometry":{"type":"LineString","coordinates":[[4.4387412,51.2888956],[4.4386343,51.2888577],[4.4385939,51.2889023],[4.4387008,51.2889402],[4.4387412,51.2888956]]}},{"type":"Feature","id":"way/370692261","properties":{"layer":"building"},"geometry":{"type":"LineString","coordinates":[[4.4385939,51.2889023],[4.4385513,51.2889492],[4.4386583,51.2889871],[4.4387008,51.2889402],[4.4385939,51.2889023]]}},{"type":"Feature","id":"way/370692262","properties":{"layer":"building"},"geometry":{"type":"LineString","coordinates":[[4.4386583,51.2889871],[4.4385513,51.2889492],[4.438507,51.2889981],[4.4386139,51.289036],[4.4386583,51.2889871]]}},{"type":"Feature","id":"way/370692268","properties":{"layer":"building"},"geometry":{"type":"LineString","coordinates":[[4.438906,51.288714],[4.4387991,51.2886761],[4.4387585,51.2887209],[4.4388654,51.2887588],[4.438906,51.288714]]}},{"type":"Feature","id":"way/370692277","properties":{"layer":"building"},"geometry":{"type":"LineString","coordinates":[[4.439055,51.2888111],[4.4389815,51.2888984],[4.4390821,51.2889315],[4.4391555,51.2888442],[4.439136,51.2888378],[4.439055,51.2888111]]}},{"type":"Feature","id":"way/370692284","properties":{"layer":"building"},"geometry":{"type":"LineString","coordinates":[[4.4387585,51.2887209],[4.438721,51.2887621],[4.438828,51.2888],[4.4388654,51.2887588],[4.4387585,51.2887209]]}},{"type":"Feature","id":"way/370692286","properties":{"layer":"building"},"geometry":{"type":"LineString","coordinates":[[4.4390821,51.2889315],[4.4389815,51.2888984],[4.4389361,51.2889524],[4.4390366,51.2889855],[4.4390821,51.2889315]]}},{"type":"Feature","id":"way/370692287","properties":{"layer":"building"},"geometry":{"type":"LineString","coordinates":[[4.438828,51.2888],[4.438721,51.2887621],[4.4386761,51.2888117],[4.438783,51.2888496],[4.438828,51.2888]]}},{"type":"Feature","id":"way/370692288","properties":{"layer":"building"},"geometry":{"type":"LineString","coordinates":[[4.4389361,51.2889524],[4.4388914,51.2890075],[4.4389934,51.2890367],[4.4390366,51.2889855],[4.4389361,51.2889524]]}},{"type":"Feature","id":"way/370692290","properties":{"layer":"building"},"geometry":{"type":"LineString","coordinates":[[4.4386761,51.2888117],[4.4386343,51.2888577],[4.4387412,51.2888956],[4.438783,51.2888496],[4.4386761,51.2888117]]}},{"type":"Feature","id":"way/370692291","properties":{"layer":"building"},"geometry":{"type":"LineString","coordinates":[[4.4390166,51.2890434],[4.4389934,51.2890367],[4.4388914,51.2890075],[4.4388221,51.2891023],[4.4389473,51.2891381],[4.4390062,51.2890576],[4.4390166,51.2890434]]}},{"type":"Feature","id":"way/370696648","properties":{"layer":"building"},"geometry":{"type":"LineString","coordinates":[[4.4427893,51.2896604],[4.4429329,51.2895816],[4.4428323,51.2895099],[4.4427561,51.2896274],[4.4427893,51.2896604]]}},{"type":"Feature","id":"way/370696649","properties":{"layer":"building"},"geometry":{"type":"LineString","coordinates":[[4.4430064,51.2896366],[4.4429329,51.2895816],[4.4427893,51.2896604],[4.4428646,51.2897098],[4.4430064,51.2896366]]}},{"type":"Feature","id":"way/370696650","properties":{"layer":"building"},"geometry":{"type":"LineString","coordinates":[[4.4430064,51.2896366],[4.4428646,51.2897098],[4.4428959,51.2897371],[4.4429316,51.2897193],[4.4429461,51.289712],[4.4430773,51.2897275],[4.4430874,51.2896939],[4.4430064,51.2896366]]}},{"type":"Feature","id":"way/370696651","properties":{"layer":"building"},"geometry":{"type":"LineString","coordinates":[[4.4433143,51.2897906],[4.4433331,51.2897304],[4.4432357,51.2897188],[4.443197,51.2897286],[4.4431739,51.2898095],[4.4432342,51.2898157],[4.4432431,51.2897813],[4.4433143,51.2897906]]}},{"type":"Feature","id":"way/370696652","properties":{"layer":"building"},"geometry":{"type":"LineString","coordinates":[[4.4434129,51.2897401],[4.4433331,51.2897304],[4.4433143,51.2897906],[4.4433099,51.2898047],[4.4433898,51.2898144],[4.4434129,51.2897401]]}},{"type":"Feature","id":"way/370696653","properties":{"layer":"building"},"geometry":{"type":"LineString","coordinates":[[4.444202,51.2899716],[4.4442404,51.2898412],[4.4439975,51.2898133],[4.4439591,51.2899437],[4.444202,51.2899716]]}},{"type":"Feature","id":"way/370696654","properties":{"layer":"building"},"geometry":{"type":"LineString","coordinates":[[4.4439975,51.2898133],[4.4437471,51.2897831],[4.4436679,51.2899102],[4.4439591,51.2899437],[4.4439975,51.2898133]]}},{"type":"Feature","id":"way/370696655","properties":{"layer":"building"},"geometry":{"type":"LineString","coordinates":[[4.4443662,51.2898557],[4.4442404,51.2898412],[4.444202,51.2899716],[4.4443278,51.2899861],[4.4443662,51.2898557]]}},{"type":"Feature","id":"way/370696656","properties":{"layer":"building"},"geometry":{"type":"LineString","coordinates":[[4.4444392,51.2899989],[4.4444776,51.2898685],[4.4443662,51.2898557],[4.4443278,51.2899861],[4.4444392,51.2899989]]}},{"type":"Feature","id":"way/370696657","properties":{"layer":"building"},"geometry":{"type":"LineString","coordinates":[[4.4445981,51.2898824],[4.4444776,51.2898685],[4.4444392,51.2899989],[4.4445598,51.2900128],[4.4445981,51.2898824]]}},{"type":"Feature","id":"way/370696658","properties":{"layer":"building"},"geometry":{"type":"LineString","coordinates":[[4.4445981,51.2898824],[4.4445598,51.2900128],[4.4446642,51.2900248],[4.4447025,51.2898944],[4.4445981,51.2898824]]}},{"type":"Feature","id":"way/370696659","properties":{"layer":"building"},"geometry":{"type":"LineString","coordinates":[[4.4448572,51.2899208],[4.4447579,51.2899086],[4.4447342,51.2899841],[4.4448335,51.2899963],[4.4448572,51.2899208]]}},{"type":"Feature","id":"way/370696663","properties":{"layer":"building"},"geometry":{"type":"LineString","coordinates":[[4.4418478,51.2882025],[4.4417361,51.2882512],[4.4417784,51.2882891],[4.4418901,51.2882403],[4.4418478,51.2882025]]}},{"type":"Feature","id":"way/370696664","properties":{"layer":"building"},"geometry":{"type":"LineString","coordinates":[[4.4417784,51.2882891],[4.4418218,51.2883279],[4.4419335,51.2882792],[4.4418901,51.2882403],[4.4417784,51.2882891]]}},{"type":"Feature","id":"way/370696665","properties":{"layer":"building"},"geometry":{"type":"LineString","coordinates":[[4.4419335,51.2882792],[4.4418218,51.2883279],[4.4418648,51.2883664],[4.4419765,51.2883177],[4.4419335,51.2882792]]}},{"type":"Feature","id":"way/370696666","properties":{"layer":"building"},"geometry":{"type":"LineString","coordinates":[[4.4418648,51.2883664],[4.4419431,51.2884365],[4.4420547,51.2883877],[4.4419765,51.2883177],[4.4418648,51.2883664]]}},{"type":"Feature","id":"way/370696667","properties":{"layer":"building"},"geometry":{"type":"LineString","coordinates":[[4.4423371,51.2886648],[4.4422272,51.2886138],[4.4421837,51.2886505],[4.4422936,51.2887015],[4.4423371,51.2886648]]}},{"type":"Feature","id":"way/370696668","properties":{"layer":"building"},"geometry":{"type":"LineString","coordinates":[[4.4425115,51.2887882],[4.4424245,51.2887541],[4.4424389,51.2887398],[4.4423637,51.2887103],[4.4422721,51.2888017],[4.4423427,51.2888293],[4.4423536,51.2888184],[4.4423938,51.2888342],[4.4424128,51.2888152],[4.4424642,51.2888354],[4.4425115,51.2887882]]}},{"type":"Feature","id":"way/370696669","properties":{"layer":"building"},"geometry":{"type":"LineString","coordinates":[[4.4428975,51.2885282],[4.4428225,51.2885003],[4.4427047,51.2886242],[4.4427796,51.2886521],[4.4428975,51.2885282]]}},{"type":"Feature","id":"way/370696670","properties":{"layer":"building"},"geometry":{"type":"LineString","coordinates":[[4.4427697,51.2889187],[4.4426084,51.2888644],[4.4425488,51.2889335],[4.4427102,51.2889878],[4.4427697,51.2889187]]}},{"type":"Feature","id":"way/370696671","properties":{"layer":"building"},"geometry":{"type":"LineString","coordinates":[[4.4434198,51.2887037],[4.4431886,51.2886015],[4.4431401,51.2886445],[4.4431597,51.2886531],[4.4430747,51.2887284],[4.4432268,51.2887956],[4.4432479,51.2887769],[4.4433074,51.2888032],[4.4434198,51.2887037]]}},{"type":"Feature","id":"way/370696672","properties":{"layer":"building"},"geometry":{"type":"LineString","coordinates":[[4.4431302,51.2892651],[4.4430631,51.2892418],[4.4430508,51.2892556],[4.4430095,51.2892413],[4.4429995,51.2892525],[4.4429577,51.289238],[4.4429325,51.2892664],[4.4429611,51.2892764],[4.4429372,51.2893033],[4.4429754,51.2893166],[4.4429568,51.2893376],[4.4430401,51.2893665],[4.4431302,51.2892651]]}},{"type":"Feature","id":"way/370696673","properties":{"layer":"building"},"geometry":{"type":"LineString","coordinates":[[4.4432002,51.2894331],[4.4433051,51.2893328],[4.4432005,51.28929],[4.4430956,51.2893903],[4.4432002,51.2894331]]}},{"type":"Feature","id":"way/370696674","properties":{"layer":"building"},"geometry":{"type":"LineString","coordinates":[[4.4434434,51.2893893],[4.4433051,51.2893328],[4.4432002,51.2894331],[4.4433385,51.2894896],[4.4434434,51.2893893]]}},{"type":"Feature","id":"way/370696675","properties":{"layer":"building"},"geometry":{"type":"LineString","coordinates":[[4.4434434,51.2893893],[4.4433385,51.2894896],[4.4434373,51.28953],[4.4434965,51.2894736],[4.4435174,51.2894109],[4.4434434,51.2893893]]}},{"type":"Feature","id":"way/370696676","properties":{"layer":"building"},"geometry":{"type":"LineString","coordinates":[[4.4437749,51.2894869],[4.4435568,51.2894592],[4.4435126,51.2895953],[4.4437306,51.289623],[4.4437749,51.2894869]]}},{"type":"Feature","id":"way/370696677","properties":{"layer":"building"},"geometry":{"type":"LineString","coordinates":[[4.4438202,51.2895481],[4.4437784,51.2896788],[4.4438656,51.2896897],[4.4439074,51.289559],[4.4438202,51.2895481]]}},{"type":"Feature","id":"way/370696678","properties":{"layer":"building"},"geometry":{"type":"LineString","coordinates":[[4.4438656,51.2896897],[4.4439467,51.2896999],[4.4439749,51.2896117],[4.4439884,51.2895692],[4.4439074,51.289559],[4.4438656,51.2896897]]}},{"type":"Feature","id":"way/370696679","properties":{"layer":"building"},"geometry":{"type":"LineString","coordinates":[[4.4439467,51.2896999],[4.4440372,51.2897112],[4.4440653,51.289623],[4.4439749,51.2896117],[4.4439467,51.2896999]]}},{"type":"Feature","id":"way/370696680","properties":{"layer":"building"},"geometry":{"type":"LineString","coordinates":[[4.4440653,51.289623],[4.4440372,51.2897112],[4.4441213,51.2897217],[4.4441495,51.2896335],[4.4440653,51.289623]]}},{"type":"Feature","id":"way/370696681","properties":{"layer":"building"},"geometry":{"type":"LineString","coordinates":[[4.4441213,51.2897217],[4.4442249,51.2897346],[4.4442531,51.2896464],[4.4441495,51.2896335],[4.4441213,51.2897217]]}},{"type":"Feature","id":"way/370696683","properties":{"layer":"building"},"geometry":{"type":"LineString","coordinates":[[4.4442531,51.2896464],[4.4442249,51.2897346],[4.4443198,51.2897465],[4.444348,51.2896583],[4.4442531,51.2896464]]}},{"type":"Feature","id":"way/370696684","properties":{"layer":"building"},"geometry":{"type":"LineString","coordinates":[[4.4443198,51.2897465],[4.4444138,51.2897582],[4.444442,51.28967],[4.444348,51.2896583],[4.4443198,51.2897465]]}},{"type":"Feature","id":"way/370696685","properties":{"layer":"building"},"geometry":{"type":"LineString","coordinates":[[4.444442,51.28967],[4.4444138,51.2897582],[4.4445149,51.2897709],[4.444543,51.2896827],[4.444442,51.28967]]}},{"type":"Feature","id":"way/370696686","properties":{"layer":"building"},"geometry":{"type":"LineString","coordinates":[[4.4445149,51.2897709],[4.4446029,51.2897819],[4.4446462,51.2896464],[4.4445581,51.2896354],[4.444543,51.2896827],[4.4445149,51.2897709]]}},{"type":"Feature","id":"way/370696687","properties":{"layer":"building"},"geometry":{"type":"LineString","coordinates":[[4.4446462,51.2896464],[4.4446029,51.2897819],[4.4447487,51.2898001],[4.444792,51.2896646],[4.4446462,51.2896464]]}},{"type":"Feature","id":"way/370696688","properties":{"layer":"building"},"geometry":{"type":"LineString","coordinates":[[4.4447487,51.2898001],[4.4448214,51.2898092],[4.4448647,51.2896737],[4.444792,51.2896646],[4.4447487,51.2898001]]}},{"type":"Feature","id":"way/370696689","properties":{"layer":"building"},"geometry":{"type":"LineString","coordinates":[[4.4448647,51.2896737],[4.4448214,51.2898092],[4.4448936,51.2898182],[4.4449369,51.2896827],[4.4448647,51.2896737]]}},{"type":"Feature","id":"way/370696690","properties":{"layer":"building"},"geometry":{"type":"LineString","coordinates":[[4.4448936,51.2898182],[4.4450686,51.2898401],[4.4451119,51.2897046],[4.4449369,51.2896827],[4.4448936,51.2898182]]}},{"type":"Feature","id":"way/370696691","properties":{"layer":"building"},"geometry":{"type":"LineString","coordinates":[[4.4453858,51.2897558],[4.4452161,51.2897275],[4.4451741,51.2898473],[4.4453443,51.2898733],[4.4453858,51.2897558]]}},{"type":"Feature","id":"way/370696748","properties":{"layer":"building"},"geometry":{"type":"LineString","coordinates":[[4.4409511,51.2885382],[4.4407773,51.288424],[4.4406621,51.2884926],[4.4408358,51.2886068],[4.4409511,51.2885382]]}},{"type":"Feature","id":"way/370696750","properties":{"layer":"building"},"geometry":{"type":"LineString","coordinates":[[4.4414033,51.2886639],[4.4415154,51.2886033],[4.4414241,51.2885373],[4.441312,51.2885979],[4.4414033,51.2886639]]}},{"type":"Feature","id":"way/370696752","properties":{"layer":"building"},"geometry":{"type":"LineString","coordinates":[[4.4415952,51.2886609],[4.4415154,51.2886033],[4.4414033,51.2886639],[4.4414831,51.2887216],[4.4415952,51.2886609]]}},{"type":"Feature","id":"way/370696754","properties":{"layer":"building"},"geometry":{"type":"LineString","coordinates":[[4.4416632,51.2887206],[4.4415128,51.2887927],[4.4415802,51.2888477],[4.4417307,51.2887756],[4.4416632,51.2887206]]}},{"type":"Feature","id":"way/370696756","properties":{"layer":"building"},"geometry":{"type":"LineString","coordinates":[[4.442102,51.2889887],[4.4419691,51.2888789],[4.4418028,51.2889577],[4.4419357,51.2890674],[4.442102,51.2889887]]}},{"type":"Feature","id":"way/370696757","properties":{"layer":"building"},"geometry":{"type":"LineString","coordinates":[[4.4418028,51.2889577],[4.4419691,51.2888789],[4.4418434,51.2887751],[4.4416771,51.2888538],[4.4418028,51.2889577]]}},{"type":"Feature","id":"way/370696759","properties":{"layer":"building"},"geometry":{"type":"LineString","coordinates":[[4.441581,51.2895524],[4.4413293,51.2893971],[4.4412131,51.2894708],[4.4414649,51.2896261],[4.441581,51.2895524]]}},{"type":"Feature","id":"way/370696761","properties":{"layer":"building"},"geometry":{"type":"LineString","coordinates":[[4.4422344,51.2892543],[4.4423841,51.2891876],[4.4422406,51.2890618],[4.442091,51.2891285],[4.4422344,51.2892543]]}},{"type":"Feature","id":"way/370696763","properties":{"layer":"building"},"geometry":{"type":"LineString","coordinates":[[4.4425383,51.2893228],[4.4423841,51.2891876],[4.4422344,51.2892543],[4.4423887,51.2893896],[4.4425383,51.2893228]]}},{"type":"Feature","id":"way/370696764","properties":{"layer":"building"},"geometry":{"type":"LineString","coordinates":[[4.4424107,51.2895335],[4.4422912,51.2895167],[4.4422593,51.2896054],[4.4423788,51.2896222],[4.4424107,51.2895335]]}},{"type":"Feature","id":"way/370696765","properties":{"layer":"building"},"geometry":{"type":"LineString","coordinates":[[4.4423416,51.289681],[4.4422139,51.2896466],[4.4421547,51.2897327],[4.4422823,51.2897671],[4.4423416,51.289681]]}},{"type":"Feature","id":"way/370696766","properties":{"layer":"building"},"geometry":{"type":"LineString","coordinates":[[4.4421466,51.2896122],[4.4420065,51.2895768],[4.4419516,51.2896615],[4.4420917,51.289697],[4.4421466,51.2896122]]}},{"type":"Feature","id":"way/370696767","properties":{"layer":"building"},"geometry":{"type":"LineString","coordinates":[[4.4421891,51.2894725],[4.4420368,51.2894335],[4.4419801,51.2895199],[4.4421324,51.289559],[4.4421891,51.2894725]]}},{"type":"Feature","id":"way/370696768","properties":{"layer":"building"},"geometry":{"type":"LineString","coordinates":[[4.4427227,51.2895468],[4.4426123,51.2895336],[4.4425822,51.2896323],[4.4426926,51.2896455],[4.4427227,51.2895468]]}},{"type":"Feature","id":"way/370697547","properties":{"layer":"building"},"geometry":{"type":"LineString","coordinates":[[4.4434055,51.2898673],[4.4432413,51.2898542],[4.4432284,51.2899173],[4.4433926,51.2899305],[4.4434055,51.2898673]]}},{"type":"Feature","id":"way/370697548","properties":{"layer":"building"},"geometry":{"type":"LineString","coordinates":[[4.4430024,51.2899773],[4.4428569,51.2899603],[4.4428431,51.2900063],[4.4429886,51.2900234],[4.4430024,51.2899773]]}},{"type":"Feature","id":"way/370697549","properties":{"layer":"building"},"geometry":{"type":"LineString","coordinates":[[4.4427867,51.2905246],[4.4426553,51.2905065],[4.4426338,51.2905678],[4.4427652,51.2905859],[4.4427867,51.2905246]]}},{"type":"Feature","id":"way/370697550","properties":{"layer":"building"},"geometry":{"type":"LineString","coordinates":[[4.4426338,51.2905678],[4.4426149,51.2906215],[4.4427463,51.2906396],[4.4427652,51.2905859],[4.4426338,51.2905678]]}},{"type":"Feature","id":"way/370697551","properties":{"layer":"building"},"geometry":{"type":"LineString","coordinates":[[4.4427421,51.2906503],[4.4426094,51.2906323],[4.4425909,51.2906822],[4.4427254,51.2906996],[4.4427421,51.2906503]]}},{"type":"Feature","id":"way/370697552","properties":{"layer":"building"},"geometry":{"type":"LineString","coordinates":[[4.4430758,51.2897326],[4.4429316,51.2897193],[4.4429066,51.2897944],[4.4430521,51.2898114],[4.4430758,51.2897326]]}},{"type":"Feature","id":"way/370697553","properties":{"layer":"building"},"geometry":{"type":"LineString","coordinates":[[4.4427254,51.2906996],[4.4425909,51.2906822],[4.4425522,51.2907994],[4.4427071,51.2908194],[4.4427309,51.2907472],[4.4427105,51.2907446],[4.4427254,51.2906996]]}},{"type":"Feature","id":"way/370697554","properties":{"layer":"building"},"geometry":{"type":"LineString","coordinates":[[4.4430672,51.2909504],[4.4428722,51.2909295],[4.4428539,51.2909962],[4.443049,51.2910171],[4.4430672,51.2909504]]}},{"type":"Feature","id":"way/370697555","properties":{"layer":"building"},"geometry":{"type":"LineString","coordinates":[[4.4426937,51.2908856],[4.4427111,51.290828],[4.4425608,51.2908102],[4.4425539,51.2908333],[4.4424567,51.2908218],[4.4424462,51.2908564],[4.4425455,51.2908681],[4.4426937,51.2908856]]}},{"type":"Feature","id":"way/370697556","properties":{"layer":"building"},"geometry":{"type":"LineString","coordinates":[[4.4428539,51.2909962],[4.4428375,51.2910557],[4.4430326,51.2910767],[4.443049,51.2910171],[4.4428539,51.2909962]]}},{"type":"Feature","id":"way/370697557","properties":{"layer":"building"},"geometry":{"type":"LineString","coordinates":[[4.4426937,51.2908856],[4.4425455,51.2908681],[4.4425319,51.290913],[4.4426801,51.2909305],[4.4426937,51.2908856]]}},{"type":"Feature","id":"way/370697558","properties":{"layer":"building"},"geometry":{"type":"LineString","coordinates":[[4.4425319,51.290913],[4.4425163,51.2909647],[4.4426645,51.2909823],[4.4426801,51.2909305],[4.4425319,51.290913]]}},{"type":"Feature","id":"way/370697559","properties":{"layer":"building"},"geometry":{"type":"LineString","coordinates":[[4.4426645,51.2909823],[4.4425163,51.2909647],[4.4425018,51.2910127],[4.44265,51.2910302],[4.4426645,51.2909823]]}},{"type":"Feature","id":"way/370697560","properties":{"layer":"building"},"geometry":{"type":"LineString","coordinates":[[4.4425018,51.2910127],[4.4424887,51.291056],[4.4426369,51.2910735],[4.44265,51.2910302],[4.4425018,51.2910127]]}},{"type":"Feature","id":"way/370697561","properties":{"layer":"building"},"geometry":{"type":"LineString","coordinates":[[4.4426369,51.2910735],[4.4424887,51.291056],[4.4424756,51.2910992],[4.4426238,51.2911167],[4.4426369,51.2910735]]}},{"type":"Feature","id":"way/370697562","properties":{"layer":"building"},"geometry":{"type":"LineString","coordinates":[[4.4424756,51.2910992],[4.4424598,51.2911514],[4.442608,51.291169],[4.4426238,51.2911167],[4.4424756,51.2910992]]}},{"type":"Feature","id":"way/370697563","properties":{"layer":"building"},"geometry":{"type":"LineString","coordinates":[[4.442608,51.291169],[4.4424598,51.2911514],[4.4424442,51.2912032],[4.4424998,51.2912093],[4.4425927,51.2912198],[4.442608,51.291169]]}},{"type":"Feature","id":"way/370697564","properties":{"layer":"building"},"geometry":{"type":"LineString","coordinates":[[4.4429066,51.2897944],[4.4428859,51.2898636],[4.4430314,51.2898807],[4.4430521,51.2898114],[4.4429066,51.2897944]]}},{"type":"Feature","id":"way/370697565","properties":{"layer":"building"},"geometry":{"type":"LineString","coordinates":[[4.4425927,51.2912198],[4.4424998,51.2912093],[4.4424757,51.291293],[4.4426011,51.2913071],[4.4426251,51.2912234],[4.4425927,51.2912198]]}},{"type":"Feature","id":"way/370697566","properties":{"layer":"building"},"geometry":{"type":"LineString","coordinates":[[4.4430314,51.2898807],[4.4428859,51.2898636],[4.4428708,51.2899138],[4.4430163,51.2899308],[4.4430314,51.2898807]]}},{"type":"Feature","id":"way/370697567","properties":{"layer":"building"},"geometry":{"type":"LineString","coordinates":[[4.4428708,51.2899138],[4.4428569,51.2899603],[4.4430024,51.2899773],[4.4430163,51.2899308],[4.4428708,51.2899138]]}},{"type":"Feature","id":"way/370701743","properties":{"layer":"building"},"geometry":{"type":"LineString","coordinates":[[4.4426322,51.2879685],[4.4425155,51.287921],[4.4424672,51.2879674],[4.4425839,51.2880149],[4.4426322,51.2879685]]}},{"type":"Feature","id":"way/370701745","properties":{"layer":"building"},"geometry":{"type":"LineString","coordinates":[[4.4424672,51.2879674],[4.4424211,51.2880117],[4.4425378,51.2880592],[4.4425839,51.2880149],[4.4424672,51.2879674]]}},{"type":"Feature","id":"way/370701748","properties":{"layer":"building"},"geometry":{"type":"LineString","coordinates":[[4.4424803,51.2881057],[4.4423284,51.2880432],[4.4422877,51.2880819],[4.4424396,51.2881444],[4.4424803,51.2881057]]}},{"type":"Feature","id":"way/370701749","properties":{"layer":"building"},"geometry":{"type":"LineString","coordinates":[[4.4422877,51.2880819],[4.4422478,51.2881199],[4.4423997,51.2881823],[4.4424396,51.2881444],[4.4422877,51.2880819]]}},{"type":"Feature","id":"way/370701751","properties":{"layer":"building"},"geometry":{"type":"LineString","coordinates":[[4.4423997,51.2881823],[4.4422478,51.2881199],[4.4422118,51.2881541],[4.4423637,51.2882166],[4.4423997,51.2881823]]}},{"type":"Feature","id":"way/370701753","properties":{"layer":"building"},"geometry":{"type":"LineString","coordinates":[[4.4423637,51.2882166],[4.4422118,51.2881541],[4.4421672,51.2881966],[4.4423191,51.288259],[4.4423637,51.2882166]]}},{"type":"Feature","id":"way/370701756","properties":{"layer":"building"},"geometry":{"type":"LineString","coordinates":[[4.4421672,51.2881966],[4.4421262,51.2882356],[4.4422781,51.2882981],[4.4423191,51.288259],[4.4421672,51.2881966]]}},{"type":"Feature","id":"way/370701758","properties":{"layer":"building"},"geometry":{"type":"LineString","coordinates":[[4.4422781,51.2882981],[4.4421262,51.2882356],[4.4420811,51.2882785],[4.442233,51.288341],[4.4422781,51.2882981]]}},{"type":"Feature","id":"way/370701760","properties":{"layer":"building"},"geometry":{"type":"LineString","coordinates":[[4.4420811,51.2882785],[4.4420413,51.2883163],[4.4421932,51.2883788],[4.442233,51.288341],[4.4420811,51.2882785]]}},{"type":"Feature","id":"way/370701762","properties":{"layer":"building"},"geometry":{"type":"LineString","coordinates":[[4.4420612,51.2883916],[4.4419472,51.2884408],[4.4419895,51.2884842],[4.4420598,51.288498],[4.4421175,51.288449],[4.4420612,51.2883916]]}},{"type":"Feature","id":"way/370701779","properties":{"layer":"building"},"geometry":{"type":"LineString","coordinates":[[4.4430032,51.2879025],[4.4429549,51.2879438],[4.4431011,51.2880107],[4.4431495,51.2879693],[4.4430032,51.2879025]]}},{"type":"Feature","id":"way/370701780","properties":{"layer":"building"},"geometry":{"type":"LineString","coordinates":[[4.4432131,51.2882315],[4.4430936,51.2881796],[4.4430405,51.2882274],[4.44316,51.2882793],[4.4432131,51.2882315]]}},{"type":"Feature","id":"way/370701781","properties":{"layer":"building"},"geometry":{"type":"LineString","coordinates":[[4.4430405,51.2882274],[4.4429889,51.2882739],[4.4431084,51.2883258],[4.44316,51.2882793],[4.4430405,51.2882274]]}},{"type":"Feature","id":"way/370701783","properties":{"layer":"building"},"geometry":{"type":"LineString","coordinates":[[4.4431084,51.2883258],[4.4429889,51.2882739],[4.4429304,51.2883265],[4.44305,51.2883784],[4.4431084,51.2883258]]}},{"type":"Feature","id":"way/370701784","properties":{"layer":"building"},"geometry":{"type":"LineString","coordinates":[[4.4428024,51.2882491],[4.4426744,51.2881945],[4.4426201,51.2882444],[4.4427481,51.288299],[4.4428024,51.2882491]]}},{"type":"Feature","id":"way/370701785","properties":{"layer":"building"},"geometry":{"type":"LineString","coordinates":[[4.4427152,51.2883203],[4.4426083,51.2882728],[4.44256,51.2883153],[4.4426669,51.2883628],[4.4427152,51.2883203]]}},{"type":"Feature","id":"way/370701786","properties":{"layer":"building"},"geometry":{"type":"LineString","coordinates":[[4.44256,51.2883153],[4.4425144,51.2883555],[4.4426213,51.288403],[4.4426669,51.2883628],[4.44256,51.2883153]]}},{"type":"Feature","id":"way/370701787","properties":{"layer":"building"},"geometry":{"type":"LineString","coordinates":[[4.4426213,51.288403],[4.4425144,51.2883555],[4.4424536,51.288409],[4.4425605,51.2884565],[4.4426213,51.288403]]}},{"type":"Feature","id":"way/370701789","properties":{"layer":"building"},"geometry":{"type":"LineString","coordinates":[[4.4425,51.2885182],[4.442379,51.2884699],[4.4423139,51.2885336],[4.4424348,51.288582],[4.4425,51.2885182]]}},{"type":"Feature","id":"way/370701790","properties":{"layer":"building"},"geometry":{"type":"LineString","coordinates":[[4.4423901,51.2886257],[4.4422692,51.2885773],[4.4422337,51.288612],[4.4423547,51.2886604],[4.4423901,51.2886257]]}},{"type":"Feature","id":"way/370701792","properties":{"layer":"building"},"geometry":{"type":"LineString","coordinates":[[4.4423139,51.2885336],[4.4422692,51.2885773],[4.4423901,51.2886257],[4.4424348,51.288582],[4.4423139,51.2885336]]}},{"type":"Feature","id":"way/370744245","properties":{"layer":"building"},"geometry":{"type":"LineString","coordinates":[[4.4462919,51.2879351],[4.4463503,51.2879521],[4.446347,51.2879571],[4.446552,51.2880149],[4.4465936,51.2879556],[4.4465397,51.2879407],[4.4466125,51.2878388],[4.4465944,51.2878338],[4.4466207,51.2877997],[4.4464325,51.2877474],[4.4464042,51.2877868],[4.4463978,51.2877852],[4.4463859,51.2878019],[4.4463665,51.2878068],[4.4463811,51.2878306],[4.4463443,51.2878841],[4.446306,51.2878924],[4.4463117,51.2879059],[4.4462919,51.2879351]]}},{"type":"Feature","id":"way/370744246","properties":{"layer":"building"},"geometry":{"type":"LineString","coordinates":[[4.4466827,51.2881301],[4.4464184,51.2880657],[4.446375,51.2881356],[4.4466392,51.2881999],[4.4466827,51.2881301]]}},{"type":"Feature","id":"way/370744247","properties":{"layer":"building"},"geometry":{"type":"LineString","coordinates":[[4.4467349,51.2882518],[4.4465529,51.2882033],[4.4465074,51.28827],[4.4466894,51.2883185],[4.4467349,51.2882518]]}},{"type":"Feature","id":"way/370744248","properties":{"layer":"building"},"geometry":{"type":"LineString","coordinates":[[4.4466558,51.2883547],[4.4464105,51.2882943],[4.4463686,51.2883609],[4.4466139,51.2884212],[4.4466558,51.2883547]]}},{"type":"Feature","id":"way/370744250","properties":{"layer":"building"},"geometry":{"type":"LineString","coordinates":[[4.4464485,51.2884358],[4.4461399,51.2883517],[4.4460933,51.2884187],[4.4464018,51.2885028],[4.4464485,51.2884358]]}},{"type":"Feature","id":"way/370744251","properties":{"layer":"building"},"geometry":{"type":"LineString","coordinates":[[4.4464738,51.2885823],[4.4462902,51.2885328],[4.4462353,51.2886125],[4.4464189,51.288662],[4.4464738,51.2885823]]}},{"type":"Feature","id":"way/370744252","properties":{"layer":"building"},"geometry":{"type":"LineString","coordinates":[[4.4462353,51.2886125],[4.4462069,51.2886538],[4.4463904,51.2887033],[4.4464189,51.288662],[4.4462353,51.2886125]]}},{"type":"Feature","id":"way/370744253","properties":{"layer":"building"},"geometry":{"type":"LineString","coordinates":[[4.4463904,51.2887033],[4.4462069,51.2886538],[4.4461774,51.2886965],[4.446361,51.288746],[4.4463904,51.2887033]]}},{"type":"Feature","id":"way/370744254","properties":{"layer":"building"},"geometry":{"type":"LineString","coordinates":[[4.4461774,51.2886965],[4.4461279,51.2887684],[4.4463114,51.2888179],[4.446361,51.288746],[4.4461774,51.2886965]]}},{"type":"Feature","id":"way/370744255","properties":{"layer":"building","name":"Oh'Green"},"geometry":{"type":"LineString","coordinates":[[4.4451545,51.2892028],[4.4453142,51.2892443],[4.4453344,51.2892178],[4.4457439,51.2893437],[4.4460726,51.288883],[4.4447959,51.2885318],[4.4450815,51.288143],[4.4446603,51.2880176],[4.4444326,51.2879498],[4.4440253,51.2884942],[4.4444127,51.2886074],[4.4441864,51.2889295],[4.4444036,51.2889901],[4.4451545,51.2892028]]}},{"type":"Feature","id":"way/370744256","properties":{"layer":"building"},"geometry":{"type":"LineString","coordinates":[[4.4458299,51.2894092],[4.445621,51.2893528],[4.4455827,51.2894084],[4.4457915,51.2894648],[4.4458299,51.2894092]]}},{"type":"Feature","id":"way/370744257","properties":{"layer":"building"},"geometry":{"type":"LineString","coordinates":[[4.4455827,51.2894084],[4.4455297,51.289485],[4.4457386,51.2895414],[4.4457915,51.2894648],[4.4455827,51.2894084]]}},{"type":"Feature","id":"way/370744258","properties":{"layer":"building"},"geometry":{"type":"LineString","coordinates":[[4.4451545,51.2892028],[4.4444036,51.2889901],[4.4442588,51.2891901],[4.4450739,51.289421],[4.4451477,51.2893191],[4.4447981,51.2892201],[4.4448306,51.2891752],[4.4451159,51.2892561],[4.4451545,51.2892028]]}},{"type":"Feature","id":"way/370744259","properties":{"layer":"building"},"geometry":{"type":"LineString","coordinates":[[4.4456558,51.2896616],[4.4454762,51.289613],[4.4454359,51.2896982],[4.4454849,51.2897091],[4.445447,51.2897665],[4.4453995,51.2897586],[4.4453576,51.2898732],[4.4454897,51.2898961],[4.4456558,51.2896616]]}},{"type":"Feature","id":"way/370744260","properties":{"layer":"building"},"geometry":{"type":"LineString","coordinates":[[4.445174,51.2900246],[4.4450395,51.289986],[4.4449966,51.2900445],[4.4451311,51.2900831],[4.445174,51.2900246]]}},{"type":"Feature","id":"way/370744261","properties":{"layer":"building"},"geometry":{"type":"LineString","coordinates":[[4.4449966,51.2900445],[4.4449573,51.2900981],[4.4450918,51.2901367],[4.4451311,51.2900831],[4.4449966,51.2900445]]}},{"type":"Feature","id":"way/370744262","properties":{"layer":"building"},"geometry":{"type":"LineString","coordinates":[[4.4449088,51.2902775],[4.4447976,51.290246],[4.4447859,51.2902638],[4.4447709,51.2902596],[4.4447827,51.2902418],[4.4447302,51.290227],[4.4446788,51.2902979],[4.4446471,51.2902888],[4.4446199,51.2903261],[4.4448288,51.2903859],[4.4449088,51.2902775]]}},{"type":"Feature","id":"way/370744263","properties":{"layer":"building"},"geometry":{"type":"LineString","coordinates":[[4.4449811,51.2904917],[4.4448138,51.2904444],[4.4446159,51.2904233],[4.4446196,51.2904151],[4.4445748,51.2904102],[4.4445215,51.2904902],[4.4447301,51.2905544],[4.4449048,51.2905997],[4.4449811,51.2904917]]}},{"type":"Feature","id":"way/370744264","properties":{"layer":"building"},"geometry":{"type":"LineString","coordinates":[[4.4449048,51.2905997],[4.4447301,51.2905544],[4.4446922,51.2906125],[4.4448609,51.2906598],[4.4449048,51.2905997]]}},{"type":"Feature","id":"way/370744265","properties":{"layer":"building"},"geometry":{"type":"LineString","coordinates":[[4.4445368,51.2914261],[4.4445293,51.2914198],[4.4444846,51.2914098],[4.4444948,51.2913923],[4.4444416,51.2913764],[4.4443481,51.2913512],[4.4443299,51.2913792],[4.4443258,51.2913768],[4.4443236,51.291376],[4.444321,51.2913751],[4.4443184,51.2913748],[4.4443158,51.2913746],[4.4443135,51.2913748],[4.444311,51.2913749],[4.4443087,51.2913754],[4.4443065,51.2913763],[4.4443044,51.2913768],[4.4443026,51.2913779],[4.4443015,51.2913787],[4.4443002,51.2913798],[4.4442993,51.2913809],[4.4442983,51.2913826],[4.4442976,51.2913839],[4.444297,51.2913852],[4.4442973,51.2913877],[4.4442984,51.2913897],[4.4442992,51.291392],[4.4443008,51.2913932],[4.4443024,51.2913945],[4.4443008,51.291396],[4.4443961,51.2915652],[4.4444007,51.2915645],[4.4443999,51.2915666],[4.4443992,51.2915684],[4.4443994,51.2915701],[4.4444003,51.2915721],[4.4444018,51.2915748],[4.4444037,51.2915763],[4.4444061,51.2915776],[4.4444091,51.2915787],[4.4444119,51.2915793],[4.4444151,51.2915801],[4.4444181,51.2915801],[4.4444212,51.29158],[4.4444247,51.2915793],[4.4444321,51.2915767],[4.4445368,51.2914261]]}},{"type":"Feature","id":"way/370744266","properties":{"layer":"building"},"geometry":{"type":"LineString","coordinates":[[4.4443067,51.2917719],[4.4441822,51.2917392],[4.4441383,51.2918047],[4.4442628,51.2918374],[4.4443067,51.2917719]]}},{"type":"Feature","id":"way/370744267","properties":{"layer":"building"},"geometry":{"type":"LineString","coordinates":[[4.4441383,51.2918047],[4.4440931,51.2917928],[4.4440653,51.2918343],[4.4442349,51.2918788],[4.4442628,51.2918374],[4.4441383,51.2918047]]}},{"type":"Feature","id":"way/370744268","properties":{"layer":"building"},"geometry":{"type":"LineString","coordinates":[[4.4442349,51.2918788],[4.4440653,51.2918343],[4.4440355,51.2918786],[4.4442052,51.2919231],[4.4442349,51.2918788]]}},{"type":"Feature","id":"way/370744269","properties":{"layer":"building"},"geometry":{"type":"LineString","coordinates":[[4.4440355,51.2918786],[4.4440049,51.2919242],[4.44414,51.2919597],[4.4441745,51.2919687],[4.4442052,51.2919231],[4.4440355,51.2918786]]}},{"type":"Feature","id":"way/370744270","properties":{"layer":"building"},"geometry":{"type":"LineString","coordinates":[[4.44414,51.2919597],[4.4440049,51.2919242],[4.4439671,51.2919804],[4.4441022,51.2920159],[4.44414,51.2919597]]}},{"type":"Feature","id":"way/370744271","properties":{"layer":"building"},"geometry":{"type":"LineString","coordinates":[[4.4440369,51.2921595],[4.4440796,51.2920994],[4.4438699,51.2920411],[4.4438272,51.2921012],[4.4440369,51.2921595]]}},{"type":"Feature","id":"way/370744272","properties":{"layer":"building"},"geometry":{"type":"LineString","coordinates":[[4.4437905,51.2921529],[4.4440001,51.2922112],[4.4440369,51.2921595],[4.4438272,51.2921012],[4.4437905,51.2921529]]}},{"type":"Feature","id":"way/370744273","properties":{"layer":"building"},"geometry":{"type":"LineString","coordinates":[[4.4439713,51.2922518],[4.4440001,51.2922112],[4.4437905,51.2921529],[4.4437616,51.2921935],[4.4439713,51.2922518]]}},{"type":"Feature","id":"way/370744274","properties":{"layer":"building"},"geometry":{"type":"LineString","coordinates":[[4.4437263,51.2922432],[4.4439,51.2922915],[4.4439359,51.2923015],[4.4439713,51.2922518],[4.4437616,51.2921935],[4.4437263,51.2922432]]}},{"type":"Feature","id":"way/370744275","properties":{"layer":"building"},"geometry":{"type":"LineString","coordinates":[[4.4436581,51.2923393],[4.4438317,51.2923875],[4.4439,51.2922915],[4.4437263,51.2922432],[4.4436581,51.2923393]]}},{"type":"Feature","id":"way/370744276","properties":{"layer":"building"},"geometry":{"type":"LineString","coordinates":[[4.4437939,51.2924407],[4.4438317,51.2923875],[4.4436581,51.2923393],[4.4436203,51.2923924],[4.4437939,51.2924407]]}},{"type":"Feature","id":"way/370744277","properties":{"layer":"building"},"geometry":{"type":"LineString","coordinates":[[4.4437107,51.2924741],[4.4437942,51.2924973],[4.4438278,51.2924501],[4.4437939,51.2924407],[4.4436203,51.2923924],[4.4435337,51.2923683],[4.4435002,51.2924155],[4.4437107,51.2924741]]}},{"type":"Feature","id":"way/370744278","properties":{"layer":"building"},"geometry":{"type":"LineString","coordinates":[[4.4435712,51.2924842],[4.4436816,51.2925149],[4.4437107,51.2924741],[4.4435002,51.2924155],[4.4434711,51.2924564],[4.4435712,51.2924842]]}},{"type":"Feature","id":"way/370744279","properties":{"layer":"building"},"geometry":{"type":"LineString","coordinates":[[4.4435712,51.2924842],[4.4434711,51.2924564],[4.4434099,51.2925426],[4.443622,51.2926015],[4.443657,51.2925523],[4.4435449,51.2925211],[4.4435712,51.2924842]]}},{"type":"Feature","id":"way/370744280","properties":{"layer":"building"},"geometry":{"type":"LineString","coordinates":[[4.4436006,51.2926843],[4.4434739,51.2926496],[4.4434344,51.292706],[4.4435611,51.2927407],[4.4436006,51.2926843]]}},{"type":"Feature","id":"way/370744281","properties":{"layer":"building"},"geometry":{"type":"LineString","coordinates":[[4.4434344,51.292706],[4.4433915,51.2927671],[4.4435182,51.2928019],[4.4435611,51.2927407],[4.4434344,51.292706]]}},{"type":"Feature","id":"way/370744282","properties":{"layer":"building"},"geometry":{"type":"LineString","coordinates":[[4.4435182,51.2928019],[4.4433915,51.2927671],[4.4433544,51.29282],[4.4434811,51.2928547],[4.4435182,51.2928019]]}},{"type":"Feature","id":"way/370744283","properties":{"layer":"building"},"geometry":{"type":"LineString","coordinates":[[4.4433544,51.29282],[4.4433206,51.2928682],[4.4434473,51.2929029],[4.4434811,51.2928547],[4.4433544,51.29282]]}},{"type":"Feature","id":"way/370744284","properties":{"layer":"building"},"geometry":{"type":"LineString","coordinates":[[4.4434017,51.2929449],[4.4432846,51.2929104],[4.4432466,51.2929608],[4.4431653,51.2929369],[4.4432041,51.2928854],[4.4431328,51.2928645],[4.4430492,51.2929754],[4.4433188,51.2930549],[4.4434017,51.2929449]]}},{"type":"Feature","id":"way/370744285","properties":{"layer":"building"},"geometry":{"type":"LineString","coordinates":[[4.4432082,51.2932384],[4.4430277,51.2931895],[4.4429707,51.2932716],[4.4431513,51.2933206],[4.4432082,51.2932384]]}},{"type":"Feature","id":"way/370744286","properties":{"layer":"building"},"geometry":{"type":"LineString","coordinates":[[4.4429707,51.2932716],[4.4429069,51.2933636],[4.4430874,51.2934126],[4.4431513,51.2933206],[4.4429707,51.2932716]]}},{"type":"Feature","id":"way/370744287","properties":{"layer":"building"},"geometry":{"type":"LineString","coordinates":[[4.4428009,51.2935614],[4.442985,51.2936114],[4.4430791,51.2934758],[4.442895,51.2934258],[4.4428009,51.2935614]]}},{"type":"Feature","id":"way/370744288","properties":{"layer":"building"},"geometry":{"type":"LineString","coordinates":[[4.4429444,51.29367],[4.442985,51.2936114],[4.4428009,51.2935614],[4.4427603,51.29362],[4.4428031,51.2936316],[4.4429444,51.29367]]}},{"type":"Feature","id":"way/370744289","properties":{"layer":"building"},"geometry":{"type":"LineString","coordinates":[[4.4429444,51.29367],[4.4428031,51.2936316],[4.442749,51.2937096],[4.4428902,51.293748],[4.4429444,51.29367]]}},{"type":"Feature","id":"way/370744290","properties":{"layer":"building"},"geometry":{"type":"LineString","coordinates":[[4.4428067,51.2938558],[4.4426698,51.293819],[4.4426217,51.293889],[4.4427586,51.2939258],[4.4428067,51.2938558]]}},{"type":"Feature","id":"way/370744291","properties":{"layer":"building"},"geometry":{"type":"LineString","coordinates":[[4.4426217,51.293889],[4.4425893,51.2939362],[4.4427261,51.293973],[4.4427586,51.2939258],[4.4426217,51.293889]]}},{"type":"Feature","id":"way/370744292","properties":{"layer":"building"},"geometry":{"type":"LineString","coordinates":[[4.4427261,51.293973],[4.4425893,51.2939362],[4.4425583,51.2939811],[4.4426952,51.294018],[4.4427261,51.293973]]}},{"type":"Feature","id":"way/370744293","properties":{"layer":"building"},"geometry":{"type":"LineString","coordinates":[[4.4425583,51.2939811],[4.4425289,51.2940239],[4.4426658,51.2940607],[4.4426952,51.294018],[4.4425583,51.2939811]]}},{"type":"Feature","id":"way/370744294","properties":{"layer":"building"},"geometry":{"type":"LineString","coordinates":[[4.4426658,51.2940607],[4.4425289,51.2940239],[4.4424714,51.2941075],[4.4426083,51.2941443],[4.4426658,51.2940607]]}},{"type":"Feature","id":"way/370744295","properties":{"layer":"building"},"geometry":{"type":"LineString","coordinates":[[4.4425874,51.2941609],[4.4424075,51.2941079],[4.4423717,51.2941555],[4.4425516,51.2942084],[4.4425874,51.2941609]]}},{"type":"Feature","id":"way/370744296","properties":{"layer":"building"},"geometry":{"type":"LineString","coordinates":[[4.4425516,51.2942084],[4.4423717,51.2941555],[4.4423364,51.2942025],[4.4425162,51.2942554],[4.4425516,51.2942084]]}},{"type":"Feature","id":"way/370744297","properties":{"layer":"building"},"geometry":{"type":"LineString","coordinates":[[4.4424833,51.2942945],[4.4422719,51.2942357],[4.4422351,51.2942875],[4.4424465,51.2943463],[4.4424833,51.2942945]]}},{"type":"Feature","id":"way/370744298","properties":{"layer":"building"},"geometry":{"type":"LineString","coordinates":[[4.4422834,51.2945071],[4.4422006,51.2944843],[4.4422079,51.294474],[4.4420682,51.2944354],[4.4420107,51.2945168],[4.4422447,51.2945814],[4.4422729,51.2945413],[4.4422615,51.2945382],[4.4422834,51.2945071]]}},{"type":"Feature","id":"way/370744319","properties":{"layer":"building","name":"Maes"},"geometry":{"type":"LineString","coordinates":[[4.4446532,51.29122],[4.4445463,51.2911887],[4.4443641,51.2912159],[4.4443207,51.2912766],[4.4443849,51.2912951],[4.4443659,51.2913253],[4.4444465,51.2913469],[4.4444663,51.2913185],[4.444559,51.2913452],[4.4446532,51.29122]]}},{"type":"Feature","id":"way/374847828","properties":{"layer":"building"},"geometry":{"type":"LineString","coordinates":[[4.4512519,51.2923473],[4.4511128,51.2923145],[4.4510215,51.2924663],[4.4511605,51.292499],[4.4512519,51.2923473]]}},{"type":"Feature","id":"way/374847829","properties":{"layer":"building"},"geometry":{"type":"LineString","coordinates":[[4.4512093,51.2928643],[4.4512775,51.2927542],[4.4511847,51.2927317],[4.4511165,51.2928419],[4.4512093,51.2928643]]}},{"type":"Feature","id":"way/374847831","properties":{"layer":"building"},"geometry":{"type":"LineString","coordinates":[[4.4513608,51.2927743],[4.4512775,51.2927542],[4.4512093,51.2928643],[4.4512927,51.2928845],[4.4513608,51.2927743]]}},{"type":"Feature","id":"way/374847832","properties":{"layer":"building"},"geometry":{"type":"LineString","coordinates":[[4.4513818,51.292906],[4.4514499,51.2927959],[4.4513608,51.2927743],[4.4512927,51.2928845],[4.4513818,51.292906]]}},{"type":"Feature","id":"way/374847834","properties":{"layer":"building"},"geometry":{"type":"LineString","coordinates":[[4.4515433,51.2928185],[4.4514499,51.2927959],[4.4513818,51.292906],[4.4514751,51.2929286],[4.4515433,51.2928185]]}},{"type":"Feature","id":"way/374847837","properties":{"layer":"building"},"geometry":{"type":"LineString","coordinates":[[4.4516451,51.292903],[4.4516779,51.292849],[4.451567,51.2928226],[4.4515086,51.2929187],[4.4516194,51.2929451],[4.4516451,51.292903]]}},{"type":"Feature","id":"way/374847839","properties":{"layer":"building"},"geometry":{"type":"LineString","coordinates":[[4.4517169,51.2930383],[4.4517797,51.292935],[4.4516451,51.292903],[4.4516194,51.2929451],[4.4515822,51.2930063],[4.4517169,51.2930383]]}},{"type":"Feature","id":"way/374847855","properties":{"layer":"building"},"geometry":{"type":"LineString","coordinates":[[4.4518908,51.2929614],[4.4517797,51.292935],[4.4517169,51.2930383],[4.4518279,51.2930648],[4.4518908,51.2929614]]}},{"type":"Feature","id":"way/374847870","properties":{"layer":"building"},"geometry":{"type":"LineString","coordinates":[[4.4513674,51.2925543],[4.4514077,51.2924803],[4.4514502,51.2924022],[4.4513208,51.2923746],[4.451238,51.2925267],[4.4513674,51.2925543]]}},{"type":"Feature","id":"way/374847871","properties":{"layer":"building"},"geometry":{"type":"LineString","coordinates":[[4.4516373,51.2924343],[4.4515303,51.2924115],[4.451484,51.2924965],[4.4514077,51.2924803],[4.4513674,51.2925543],[4.4515508,51.2925933],[4.4516373,51.2924343]]}},{"type":"Feature","id":"way/374847872","properties":{"layer":"building"},"geometry":{"type":"LineString","coordinates":[[4.4508005,51.2927156],[4.450621,51.2926709],[4.4505218,51.2928267],[4.4507013,51.2928714],[4.4508005,51.2927156]]}},{"type":"Feature","id":"way/374847877","properties":{"layer":"building"},"geometry":{"type":"LineString","coordinates":[[4.4517936,51.2925312],[4.4517029,51.2925072],[4.4516331,51.29261],[4.4517238,51.2926341],[4.4517936,51.2925312]]}},{"type":"Feature","id":"way/374847885","properties":{"layer":"building"},"geometry":{"type":"LineString","coordinates":[[4.4509277,51.2928225],[4.4510015,51.2927114],[4.4509139,51.2926887],[4.4508401,51.2927998],[4.4509277,51.2928225]]}},{"type":"Feature","id":"way/374847890","properties":{"layer":"building"},"geometry":{"type":"LineString","coordinates":[[4.4519681,51.2925936],[4.4518468,51.2925655],[4.4517984,51.2926473],[4.4519197,51.2926754],[4.4519681,51.2925936]]}},{"type":"Feature","id":"way/374847891","properties":{"layer":"building"},"geometry":{"type":"LineString","coordinates":[[4.4511096,51.2927395],[4.4510015,51.2927114],[4.4509277,51.2928225],[4.4510357,51.2928506],[4.4511096,51.2927395]]}},{"type":"Feature","id":"way/375107030","properties":{"layer":"building"},"geometry":{"type":"LineString","coordinates":[[4.4514155,51.2895174],[4.451026,51.289503],[4.4510212,51.2895533],[4.4512289,51.289561],[4.4512164,51.289693],[4.4513983,51.2896997],[4.4514155,51.2895174]]}},{"type":"Feature","id":"way/375107031","properties":{"layer":"building"},"geometry":{"type":"LineString","coordinates":[[4.4519083,51.2890235],[4.4516772,51.2890143],[4.4516668,51.2891163],[4.451898,51.2891254],[4.4519083,51.2890235]]}},{"type":"Feature","id":"way/375107032","properties":{"layer":"building"},"geometry":{"type":"LineString","coordinates":[[4.4508034,51.2894908],[4.4507163,51.2894886],[4.4507149,51.2895091],[4.4505917,51.2895059],[4.4505929,51.2894869],[4.4504914,51.2894843],[4.4504828,51.2896139],[4.4507947,51.289622],[4.4508034,51.2894908]]}},{"type":"Feature","id":"way/375107033","properties":{"layer":"building"},"geometry":{"type":"LineString","coordinates":[[4.4514503,51.2889355],[4.4511772,51.2889237],[4.4511664,51.2890207],[4.4514396,51.2890325],[4.4514503,51.2889355]]}},{"type":"Feature","id":"way/375107034","properties":{"layer":"building"},"geometry":{"type":"LineString","coordinates":[[4.4503791,51.2894715],[4.4500763,51.2894621],[4.4500686,51.2895598],[4.4502295,51.2895648],[4.4502241,51.2896331],[4.450366,51.2896375],[4.4503791,51.2894715]]}},{"type":"Feature","id":"way/375107035","properties":{"layer":"building"},"geometry":{"type":"LineString","coordinates":[[4.4510448,51.288946],[4.4507653,51.2889421],[4.4507608,51.2890694],[4.4510402,51.2890734],[4.4510448,51.288946]]}},{"type":"Feature","id":"way/375107036","properties":{"layer":"building"},"geometry":{"type":"LineString","coordinates":[[4.4499651,51.2894919],[4.4497333,51.2894845],[4.4497232,51.2896081],[4.4499549,51.2896155],[4.4499651,51.2894919]]}},{"type":"Feature","id":"way/375107037","properties":{"layer":"building"},"geometry":{"type":"LineString","coordinates":[[4.4506558,51.2889738],[4.4506603,51.2888835],[4.4505384,51.2888846],[4.4504522,51.2888605],[4.4503783,51.2889258],[4.4504719,51.2889669],[4.4506558,51.2889738]]}},{"type":"Feature","id":"way/375107038","properties":{"layer":"building"},"geometry":{"type":"LineString","coordinates":[[4.4495833,51.2894804],[4.4493795,51.2894722],[4.4493629,51.2896349],[4.4495667,51.289643],[4.4495833,51.2894804]]}},{"type":"Feature","id":"way/375107039","properties":{"layer":"building"},"geometry":{"type":"LineString","coordinates":[[4.4502947,51.2889276],[4.4500657,51.2889197],[4.4500543,51.2890486],[4.4502834,51.2890565],[4.4502947,51.2889276]]}},{"type":"Feature","id":"way/375107040","properties":{"layer":"building"},"geometry":{"type":"LineString","coordinates":[[4.4487524,51.2894488],[4.4485273,51.2894427],[4.4485165,51.2895972],[4.4486636,51.2896012],[4.448666,51.2895674],[4.4487439,51.2895695],[4.4487524,51.2894488]]}},{"type":"Feature","id":"way/375107041","properties":{"layer":"building"},"geometry":{"type":"LineString","coordinates":[[4.4495915,51.2888838],[4.4494314,51.2888773],[4.4494218,51.2889696],[4.4494448,51.2889705],[4.449442,51.2889973],[4.4494583,51.2890083],[4.4494943,51.2890098],[4.449513,51.2889933],[4.4495798,51.288996],[4.4495915,51.2888838]]}},{"type":"Feature","id":"way/375107042","properties":{"layer":"building"},"geometry":{"type":"LineString","coordinates":[[4.4492908,51.2887849],[4.4491548,51.2887803],[4.4491429,51.2889169],[4.4492789,51.2889215],[4.4492908,51.2887849]]}},{"type":"Feature","id":"way/375107043","properties":{"layer":"building"},"geometry":{"type":"LineString","coordinates":[[4.4478554,51.2893717],[4.4474793,51.2893664],[4.4474733,51.2895321],[4.4478494,51.2895374],[4.4478554,51.2893717]]}},{"type":"Feature","id":"way/375107044","properties":{"layer":"building"},"geometry":{"type":"LineString","coordinates":[[4.4490857,51.2887326],[4.448956,51.2887276],[4.4489525,51.2887631],[4.4488606,51.2887595],[4.448849,51.288877],[4.4489197,51.2888797],[4.4489157,51.2889201],[4.4490665,51.2889259],[4.4490857,51.2887326]]}},{"type":"Feature","id":"way/375107045","properties":{"layer":"building"},"geometry":{"type":"LineString","coordinates":[[4.4488154,51.2887357],[4.4486267,51.2887282],[4.4486139,51.2888549],[4.4488026,51.2888623],[4.4488154,51.2887357]]}},{"type":"Feature","id":"way/375107046","properties":{"layer":"building"},"geometry":{"type":"LineString","coordinates":[[4.4482107,51.288901],[4.4480988,51.2888989],[4.4480944,51.2889881],[4.4482062,51.2889902],[4.4482107,51.288901]]}},{"type":"Feature","id":"way/375107047","properties":{"layer":"building"},"geometry":{"type":"LineString","coordinates":[[4.4479507,51.2888695],[4.4477461,51.288865],[4.4477412,51.2889531],[4.4479458,51.2889575],[4.4479507,51.2888695]]}},{"type":"Feature","id":"way/375107048","properties":{"layer":"building"},"geometry":{"type":"LineString","coordinates":[[4.4472655,51.2888894],[4.4470753,51.2888852],[4.4470704,51.2889736],[4.4472606,51.2889778],[4.4472655,51.2888894]]}},{"type":"Feature","id":"way/375107049","properties":{"layer":"building"},"geometry":{"type":"LineString","coordinates":[[4.4470704,51.2889736],[4.4470753,51.2888852],[4.4468768,51.2888809],[4.4468733,51.288943],[4.4469732,51.2889451],[4.4469717,51.2889715],[4.4470704,51.2889736]]}},{"type":"Feature","id":"way/375368947","properties":{"layer":"building"},"geometry":{"type":"LineString","coordinates":[[4.4475962,51.288223],[4.4473797,51.2881599],[4.4473108,51.2882522],[4.4475273,51.2883154],[4.4475962,51.288223]]}},{"type":"Feature","id":"way/375368948","properties":{"layer":"building"},"geometry":{"type":"LineString","coordinates":[[4.4474769,51.2883679],[4.4472739,51.288311],[4.4472247,51.2883796],[4.4473713,51.2884206],[4.4473831,51.2884042],[4.4474396,51.28842],[4.4474769,51.2883679]]}},{"type":"Feature","id":"way/375368949","properties":{"layer":"building"},"geometry":{"type":"LineString","coordinates":[[4.4472247,51.2883796],[4.4471773,51.2884457],[4.4473841,51.2885036],[4.4474196,51.2884542],[4.4473594,51.2884373],[4.4473713,51.2884206],[4.4472247,51.2883796]]}},{"type":"Feature","id":"way/375368950","properties":{"layer":"building"},"geometry":{"type":"LineString","coordinates":[[4.4472657,51.2886103],[4.4471115,51.2885683],[4.447042,51.2886682],[4.4471962,51.2887101],[4.4472657,51.2886103]]}},{"type":"Feature","id":"way/375368951","properties":{"layer":"building"},"geometry":{"type":"LineString","coordinates":[[4.4467942,51.2893956],[4.4466243,51.2893481],[4.4465304,51.2894797],[4.4467002,51.2895271],[4.4467942,51.2893956]]}},{"type":"Feature","id":"way/375368952","properties":{"layer":"building"},"geometry":{"type":"LineString","coordinates":[[4.4461187,51.2898327],[4.4459901,51.2897985],[4.4459096,51.2899134],[4.4460444,51.2899495],[4.4461187,51.2898327]]}},{"type":"Feature","id":"way/375368953","properties":{"layer":"building"},"geometry":{"type":"LineString","coordinates":[[4.4459719,51.2900553],[4.4458466,51.2900181],[4.4457913,51.290091],[4.4459166,51.2901282],[4.4459719,51.2900553]]}},{"type":"Feature","id":"way/375368954","properties":{"layer":"building"},"geometry":{"type":"LineString","coordinates":[[4.4459166,51.2901282],[4.4457913,51.290091],[4.4457485,51.2901474],[4.4459354,51.2902028],[4.4459781,51.2901464],[4.4459166,51.2901282]]}},{"type":"Feature","id":"way/375368955","properties":{"layer":"building"},"geometry":{"type":"LineString","coordinates":[[4.4457485,51.2901474],[4.4457181,51.2901875],[4.4459049,51.2902429],[4.4459354,51.2902028],[4.4457485,51.2901474]]}},{"type":"Feature","id":"way/375368956","properties":{"layer":"building"},"geometry":{"type":"LineString","coordinates":[[4.4459049,51.2902429],[4.4457181,51.2901875],[4.4456919,51.290222],[4.4457285,51.2902366],[4.4458787,51.2902774],[4.4459049,51.2902429]]}},{"type":"Feature","id":"way/375368957","properties":{"layer":"building"},"geometry":{"type":"LineString","coordinates":[[4.4458787,51.2902774],[4.4457285,51.2902366],[4.445675,51.2903136],[4.4458252,51.2903544],[4.4458787,51.2902774]]}},{"type":"Feature","id":"way/375368958","properties":{"layer":"building"},"geometry":{"type":"LineString","coordinates":[[4.445675,51.2903136],[4.4456442,51.2903578],[4.4457247,51.2903796],[4.4457953,51.2903975],[4.4458252,51.2903544],[4.445675,51.2903136]]}},{"type":"Feature","id":"way/375368959","properties":{"layer":"building"},"geometry":{"type":"LineString","coordinates":[[4.4457247,51.2903796],[4.4456442,51.2903578],[4.4455986,51.2903455],[4.4455515,51.2904137],[4.4456776,51.2904478],[4.4457247,51.2903796]]}},{"type":"Feature","id":"way/375368960","properties":{"layer":"building"},"geometry":{"type":"LineString","coordinates":[[4.4455515,51.2904137],[4.4455126,51.29047],[4.4455413,51.2904777],[4.4456868,51.2905171],[4.4457257,51.2904608],[4.4456776,51.2904478],[4.4455515,51.2904137]]}},{"type":"Feature","id":"way/375368961","properties":{"layer":"building"},"geometry":{"type":"LineString","coordinates":[[4.4456868,51.2905171],[4.4455413,51.2904777],[4.4455051,51.2905299],[4.4457454,51.290595],[4.4457816,51.2905428],[4.4456868,51.2905171]]}},{"type":"Feature","id":"way/375368962","properties":{"layer":"building"},"geometry":{"type":"LineString","coordinates":[[4.4456534,51.2907272],[4.4454105,51.2906611],[4.4453569,51.2907381],[4.4455998,51.2908042],[4.4456534,51.2907272]]}},{"type":"Feature","id":"way/375368963","properties":{"layer":"building"},"geometry":{"type":"LineString","coordinates":[[4.4453569,51.2907381],[4.4453059,51.2908115],[4.445514,51.290868],[4.4456491,51.2909048],[4.4457001,51.2908315],[4.4455998,51.2908042],[4.4453569,51.2907381]]}},{"type":"Feature","id":"way/375368964","properties":{"layer":"building"},"geometry":{"type":"LineString","coordinates":[[4.445514,51.290868],[4.4453059,51.2908115],[4.4452735,51.2908026],[4.4452317,51.2908628],[4.4454721,51.2909282],[4.445514,51.290868]]}},{"type":"Feature","id":"way/375368965","properties":{"layer":"building"},"geometry":{"type":"LineString","coordinates":[[4.4452317,51.2908628],[4.4451891,51.290924],[4.4452225,51.2909331],[4.4454296,51.2909894],[4.4454721,51.2909282],[4.4452317,51.2908628]]}},{"type":"Feature","id":"way/375368966","properties":{"layer":"building"},"geometry":{"type":"LineString","coordinates":[[4.4454296,51.2909894],[4.4452225,51.2909331],[4.4451854,51.2909864],[4.4454178,51.2910496],[4.4454548,51.2909963],[4.4454296,51.2909894]]}},{"type":"Feature","id":"way/375368967","properties":{"layer":"building"},"geometry":{"type":"LineString","coordinates":[[4.4451854,51.2909864],[4.4451417,51.2910494],[4.445374,51.2911126],[4.4454178,51.2910496],[4.4451854,51.2909864]]}},{"type":"Feature","id":"way/375368968","properties":{"layer":"building"},"geometry":{"type":"LineString","coordinates":[[4.445374,51.2911126],[4.4451417,51.2910494],[4.4450958,51.2911152],[4.4453282,51.2911784],[4.445374,51.2911126]]}},{"type":"Feature","id":"way/375368969","properties":{"layer":"building"},"geometry":{"type":"LineString","coordinates":[[4.445374,51.2911126],[4.4453282,51.2911784],[4.4455779,51.2912464],[4.4456237,51.2911805],[4.445374,51.2911126]]}},{"type":"Feature","id":"way/375368970","properties":{"layer":"building"},"geometry":{"type":"LineString","coordinates":[[4.4448736,51.2915468],[4.4448981,51.2915086],[4.4447982,51.2914857],[4.4447677,51.2914936],[4.4447487,51.2915145],[4.4447876,51.2915246],[4.4448736,51.2915468]]}},{"type":"Feature","id":"way/375368973","properties":{"layer":"building"},"geometry":{"type":"LineString","coordinates":[[4.444819,51.2916292],[4.4447313,51.2916046],[4.4446997,51.2916486],[4.4448738,51.2916976],[4.4449558,51.2917206],[4.4449874,51.2916766],[4.444819,51.2916292]]}},{"type":"Feature","id":"way/375368974","properties":{"layer":"building"},"geometry":{"type":"LineString","coordinates":[[4.4446997,51.2916486],[4.4446688,51.2916916],[4.444783,51.2917236],[4.4448431,51.2917403],[4.4448738,51.2916976],[4.4446997,51.2916486]]}},{"type":"Feature","id":"way/375368975","properties":{"layer":"building"},"geometry":{"type":"LineString","coordinates":[[4.444783,51.2917236],[4.4446688,51.2916916],[4.4446327,51.2916815],[4.4445994,51.2917282],[4.4447496,51.2917702],[4.444783,51.2917236]]}},{"type":"Feature","id":"way/375368976","properties":{"layer":"building"},"geometry":{"type":"LineString","coordinates":[[4.4447496,51.2917702],[4.4445994,51.2917282],[4.4445761,51.2917608],[4.4447263,51.2918028],[4.4447496,51.2917702]]}},{"type":"Feature","id":"way/375368977","properties":{"layer":"building"},"geometry":{"type":"LineString","coordinates":[[4.4445761,51.2917608],[4.4445499,51.2917989],[4.4446104,51.291816],[4.4446954,51.2918417],[4.4447263,51.2918028],[4.4445761,51.2917608]]}},{"type":"Feature","id":"way/375368978","properties":{"layer":"building"},"geometry":{"type":"LineString","coordinates":[[4.4444566,51.2919711],[4.4444203,51.291967],[4.4443104,51.2921147],[4.4444579,51.292158],[4.4444769,51.2921508],[4.4444588,51.2921238],[4.4445306,51.2921049],[4.4444566,51.2919711]]}},{"type":"Feature","id":"way/375368979","properties":{"layer":"building"},"geometry":{"type":"LineString","coordinates":[[4.4444579,51.292158],[4.4443104,51.2921147],[4.4441997,51.2922656],[4.4443632,51.2923128],[4.4444579,51.292158]]}},{"type":"Feature","id":"way/375368980","properties":{"layer":"building"},"geometry":{"type":"LineString","coordinates":[[4.4441997,51.2922656],[4.4441392,51.2923475],[4.4443027,51.2923947],[4.4443632,51.2923128],[4.4441997,51.2922656]]}},{"type":"Feature","id":"way/375368981","properties":{"layer":"building"},"geometry":{"type":"LineString","coordinates":[[4.4443738,51.2924565],[4.4441201,51.2923818],[4.4440726,51.2924448],[4.4443263,51.2925196],[4.4443738,51.2924565]]}},{"type":"Feature","id":"way/375368982","properties":{"layer":"building"},"geometry":{"type":"LineString","coordinates":[[4.4440726,51.2924448],[4.4440141,51.2925224],[4.4442679,51.2925971],[4.4443263,51.2925196],[4.4440726,51.2924448]]}},{"type":"Feature","id":"way/375368983","properties":{"layer":"building"},"geometry":{"type":"LineString","coordinates":[[4.4442679,51.2925971],[4.4440141,51.2925224],[4.4439641,51.2925939],[4.4441254,51.2926401],[4.4442152,51.292667],[4.4442679,51.2925971]]}},{"type":"Feature","id":"way/375368984","properties":{"layer":"building"},"geometry":{"type":"LineString","coordinates":[[4.4441254,51.2926401],[4.4439641,51.2925939],[4.4439325,51.2926371],[4.4440937,51.2926833],[4.4441254,51.2926401]]}},{"type":"Feature","id":"way/375368985","properties":{"layer":"building"},"geometry":{"type":"LineString","coordinates":[[4.4439325,51.2926371],[4.443907,51.2926718],[4.4440683,51.292718],[4.4440937,51.2926833],[4.4439325,51.2926371]]}},{"type":"Feature","id":"way/375368986","properties":{"layer":"building"},"geometry":{"type":"LineString","coordinates":[[4.4440683,51.292718],[4.443907,51.2926718],[4.4438655,51.2927286],[4.4440268,51.2927747],[4.4440683,51.292718]]}},{"type":"Feature","id":"way/375368987","properties":{"layer":"building"},"geometry":{"type":"LineString","coordinates":[[4.4440268,51.2927747],[4.4438655,51.2927286],[4.4438269,51.2927812],[4.4439882,51.2928274],[4.4440268,51.2927747]]}},{"type":"Feature","id":"way/375368988","properties":{"layer":"building"},"geometry":{"type":"LineString","coordinates":[[4.4438269,51.2927812],[4.4437958,51.2928237],[4.4439571,51.2928699],[4.4439882,51.2928274],[4.4438269,51.2927812]]}},{"type":"Feature","id":"way/375368989","properties":{"layer":"building"},"geometry":{"type":"LineString","coordinates":[[4.4439571,51.2928699],[4.4437958,51.2928237],[4.4437682,51.2928613],[4.4439295,51.2929075],[4.4439571,51.2928699]]}},{"type":"Feature","id":"way/375368990","properties":{"layer":"building"},"geometry":{"type":"LineString","coordinates":[[4.4437682,51.2928613],[4.4437335,51.2929088],[4.4438947,51.292955],[4.4439295,51.2929075],[4.4437682,51.2928613]]}},{"type":"Feature","id":"way/375368991","properties":{"layer":"building"},"geometry":{"type":"LineString","coordinates":[[4.4438947,51.292955],[4.4437335,51.2929088],[4.443681,51.2929804],[4.4438423,51.2930266],[4.4438947,51.292955]]}},{"type":"Feature","id":"way/375368992","properties":{"layer":"building"},"geometry":{"type":"LineString","coordinates":[[4.443681,51.2929804],[4.4436549,51.2930161],[4.4438161,51.2930623],[4.4438423,51.2930266],[4.443681,51.2929804]]}},{"type":"Feature","id":"way/375368993","properties":{"layer":"building"},"geometry":{"type":"LineString","coordinates":[[4.4438161,51.2930623],[4.4436549,51.2930161],[4.4435977,51.2930941],[4.443759,51.2931403],[4.4438161,51.2930623]]}},{"type":"Feature","id":"way/375368994","properties":{"layer":"building"},"geometry":{"type":"LineString","coordinates":[[4.443731,51.2932408],[4.4435464,51.29319],[4.4435038,51.2932505],[4.4436883,51.2933014],[4.443731,51.2932408]]}},{"type":"Feature","id":"way/375368995","properties":{"layer":"building"},"geometry":{"type":"LineString","coordinates":[[4.4435038,51.2932505],[4.4434765,51.2932893],[4.443661,51.2933401],[4.4436883,51.2933014],[4.4435038,51.2932505]]}},{"type":"Feature","id":"way/375368997","properties":{"layer":"building"},"geometry":{"type":"LineString","coordinates":[[4.443661,51.2933401],[4.4434765,51.2932893],[4.443445,51.293334],[4.4435139,51.2933529],[4.4436296,51.2933848],[4.443661,51.2933401]]}},{"type":"Feature","id":"way/375368998","properties":{"layer":"building"},"geometry":{"type":"LineString","coordinates":[[4.4436296,51.2933848],[4.4435139,51.2933529],[4.443495,51.2933798],[4.443455,51.2933687],[4.4434224,51.2934151],[4.4436449,51.2934793],[4.4436993,51.293404],[4.4436296,51.2933848]]}},{"type":"Feature","id":"way/375368999","properties":{"layer":"building"},"geometry":{"type":"LineString","coordinates":[[4.4436449,51.2934793],[4.4434224,51.2934151],[4.4433969,51.2934077],[4.4433661,51.2934494],[4.4436142,51.293521],[4.4436449,51.2934793]]}},{"type":"Feature","id":"way/375369000","properties":{"layer":"building"},"geometry":{"type":"LineString","coordinates":[[4.4436142,51.293521],[4.4433661,51.2934494],[4.4433393,51.2934858],[4.4435874,51.2935573],[4.4436142,51.293521]]}},{"type":"Feature","id":"way/375369001","properties":{"layer":"building"},"geometry":{"type":"LineString","coordinates":[[4.4433393,51.2934858],[4.4433057,51.2935313],[4.4434778,51.2935812],[4.4435538,51.2936029],[4.4435874,51.2935573],[4.4433393,51.2934858]]}},{"type":"Feature","id":"way/375369002","properties":{"layer":"building"},"geometry":{"type":"LineString","coordinates":[[4.4434778,51.2935812],[4.4433057,51.2935313],[4.4432731,51.2935753],[4.4434452,51.2936251],[4.4434778,51.2935812]]}},{"type":"Feature","id":"way/375369003","properties":{"layer":"building"},"geometry":{"type":"LineString","coordinates":[[4.4432731,51.2935753],[4.4432317,51.2936312],[4.4434038,51.2936811],[4.4434452,51.2936251],[4.4432731,51.2935753]]}},{"type":"Feature","id":"way/375369004","properties":{"layer":"building"},"geometry":{"type":"LineString","coordinates":[[4.4434038,51.2936811],[4.4432317,51.2936312],[4.4431935,51.2936828],[4.4433656,51.2937327],[4.4434038,51.2936811]]}},{"type":"Feature","id":"way/375369005","properties":{"layer":"building"},"geometry":{"type":"LineString","coordinates":[[4.4431935,51.2936828],[4.4431307,51.2937676],[4.4433626,51.2938307],[4.4434008,51.2937822],[4.4433384,51.2937647],[4.4433656,51.2937327],[4.4431935,51.2936828]]}},{"type":"Feature","id":"way/375369006","properties":{"layer":"building"},"geometry":{"type":"LineString","coordinates":[[4.4430732,51.294021],[4.4432759,51.2940762],[4.443326,51.2940044],[4.4431723,51.2939633],[4.4431059,51.2939733],[4.4430732,51.294021]]}},{"type":"Feature","id":"way/375369007","properties":{"layer":"building"},"geometry":{"type":"LineString","coordinates":[[4.4432759,51.2940762],[4.4430732,51.294021],[4.442978,51.2941548],[4.4431788,51.2942122],[4.4432759,51.2940762]]}},{"type":"Feature","id":"way/375369008","properties":{"layer":"building"},"geometry":{"type":"LineString","coordinates":[[4.4431788,51.2942122],[4.442978,51.2941548],[4.4429316,51.2942182],[4.4431325,51.2942756],[4.4431788,51.2942122]]}},{"type":"Feature","id":"way/375369009","properties":{"layer":"building"},"geometry":{"type":"LineString","coordinates":[[4.4429316,51.2942182],[4.442896,51.2942672],[4.4430422,51.2943098],[4.4430967,51.2943247],[4.4431325,51.2942756],[4.4429316,51.2942182]]}},{"type":"Feature","id":"way/375369010","properties":{"layer":"building"},"geometry":{"type":"LineString","coordinates":[[4.4430422,51.2943098],[4.442896,51.2942672],[4.4428418,51.29434],[4.4429091,51.2943595],[4.4429851,51.2943817],[4.4430462,51.2943994],[4.44307,51.2943674],[4.4430119,51.2943505],[4.4430422,51.2943098]]}},{"type":"Feature","id":"way/375369011","properties":{"layer":"building"},"geometry":{"type":"LineString","coordinates":[[4.4428418,51.29434],[4.442813,51.2943741],[4.4428163,51.294421],[4.4428541,51.2944335],[4.4429091,51.2943595],[4.4428418,51.29434]]}},{"type":"Feature","id":"way/375385048","properties":{"layer":"building"},"geometry":{"type":"LineString","coordinates":[[4.4459357,51.2937064],[4.4459983,51.293723],[4.4460663,51.2936225],[4.4460037,51.2936059],[4.4459357,51.2937064]]}},{"type":"Feature","id":"way/375385049","properties":{"layer":"building"},"geometry":{"type":"LineString","coordinates":[[4.4469617,51.2942783],[4.4469847,51.2941979],[4.4468581,51.2941837],[4.4468236,51.2943038],[4.4469503,51.294318],[4.4469617,51.2942783]]}},{"type":"Feature","id":"way/375385060","properties":{"layer":"building"},"geometry":{"type":"LineString","coordinates":[[4.4462488,51.2937893],[4.4463114,51.2938059],[4.4463794,51.2937054],[4.4463168,51.2936888],[4.4462488,51.2937893]]}},{"type":"Feature","id":"way/375385071","properties":{"layer":"building"},"geometry":{"type":"LineString","coordinates":[[4.4470773,51.2942083],[4.4469847,51.2941979],[4.4469617,51.2942783],[4.4470543,51.2942887],[4.4470773,51.2942083]]}},{"type":"Feature","id":"way/375385077","properties":{"layer":"building"},"geometry":{"type":"LineString","coordinates":[[4.4463114,51.2938059],[4.446374,51.2938224],[4.446442,51.293722],[4.4463794,51.2937054],[4.4463114,51.2938059]]}},{"type":"Feature","id":"way/375385089","properties":{"layer":"building"},"geometry":{"type":"LineString","coordinates":[[4.446374,51.2938224],[4.4464366,51.293839],[4.4465046,51.2937385],[4.446442,51.293722],[4.446374,51.2938224]]}},{"type":"Feature","id":"way/375385091","properties":{"layer":"building"},"geometry":{"type":"LineString","coordinates":[[4.4471817,51.29422],[4.4470773,51.2942083],[4.4470543,51.2942887],[4.4470325,51.2943645],[4.4471369,51.2943762],[4.4471817,51.29422]]}},{"type":"Feature","id":"way/375385092","properties":{"layer":"building"},"geometry":{"type":"LineString","coordinates":[[4.4464366,51.293839],[4.4464992,51.2938556],[4.4465672,51.2937551],[4.4465046,51.2937385],[4.4464366,51.293839]]}},{"type":"Feature","id":"way/375385093","properties":{"layer":"building"},"geometry":{"type":"LineString","coordinates":[[4.4473177,51.2943888],[4.4473641,51.2942756],[4.447254,51.294258],[4.4472076,51.2943711],[4.4473177,51.2943888]]}},{"type":"Feature","id":"way/375385094","properties":{"layer":"building"},"geometry":{"type":"LineString","coordinates":[[4.4464992,51.2938556],[4.4465618,51.2938722],[4.4466299,51.2937717],[4.4465672,51.2937551],[4.4464992,51.2938556]]}},{"type":"Feature","id":"way/375385095","properties":{"layer":"building"},"geometry":{"type":"LineString","coordinates":[[4.4474818,51.2942945],[4.4473641,51.2942756],[4.4473177,51.2943888],[4.4474354,51.2944076],[4.4474818,51.2942945]]}},{"type":"Feature","id":"way/375385096","properties":{"layer":"building"},"geometry":{"type":"LineString","coordinates":[[4.4465618,51.2938722],[4.4466244,51.2938888],[4.4466925,51.2937883],[4.4466299,51.2937717],[4.4465618,51.2938722]]}},{"type":"Feature","id":"way/375385097","properties":{"layer":"building"},"geometry":{"type":"LineString","coordinates":[[4.4476196,51.2944112],[4.4476507,51.2943152],[4.4475583,51.2943035],[4.4475272,51.2943994],[4.4476196,51.2944112]]}},{"type":"Feature","id":"way/375385098","properties":{"layer":"building"},"geometry":{"type":"LineString","coordinates":[[4.4466244,51.2938888],[4.4466871,51.2939053],[4.4467551,51.2938049],[4.4466925,51.2937883],[4.4466244,51.2938888]]}},{"type":"Feature","id":"way/375385099","properties":{"layer":"building"},"geometry":{"type":"LineString","coordinates":[[4.4477548,51.2943284],[4.4476507,51.2943152],[4.4476196,51.2944112],[4.4477237,51.2944244],[4.4477548,51.2943284]]}},{"type":"Feature","id":"way/375385100","properties":{"layer":"building"},"geometry":{"type":"LineString","coordinates":[[4.4466871,51.2939053],[4.4467497,51.2939219],[4.4468177,51.2938214],[4.4467551,51.2938049],[4.4466871,51.2939053]]}},{"type":"Feature","id":"way/375385101","properties":{"layer":"building"},"geometry":{"type":"LineString","coordinates":[[4.4467497,51.2939219],[4.4468123,51.2939385],[4.4468803,51.293838],[4.4468177,51.2938214],[4.4467497,51.2939219]]}},{"type":"Feature","id":"way/375385102","properties":{"layer":"building"},"geometry":{"type":"LineString","coordinates":[[4.4468803,51.293838],[4.4468123,51.2939385],[4.4469712,51.2939806],[4.4470392,51.2938801],[4.4468803,51.293838]]}},{"type":"Feature","id":"way/375385103","properties":{"layer":"building"},"geometry":{"type":"LineString","coordinates":[[4.4459983,51.293723],[4.4460609,51.2937396],[4.4461289,51.2936391],[4.4460663,51.2936225],[4.4459983,51.293723]]}},{"type":"Feature","id":"way/375385104","properties":{"layer":"building"},"geometry":{"type":"LineString","coordinates":[[4.4472989,51.2940544],[4.4473399,51.2939718],[4.4472154,51.2939476],[4.4471744,51.2940302],[4.4472989,51.2940544]]}},{"type":"Feature","id":"way/375385105","properties":{"layer":"building"},"geometry":{"type":"LineString","coordinates":[[4.4474516,51.2939935],[4.4473399,51.2939718],[4.4472989,51.2940544],[4.4474105,51.2940761],[4.4474516,51.2939935]]}},{"type":"Feature","id":"way/375385106","properties":{"layer":"building"},"geometry":{"type":"LineString","coordinates":[[4.4487175,51.2944539],[4.4485409,51.2944294],[4.4485049,51.2945307],[4.4486815,51.2945552],[4.4487175,51.2944539]]}},{"type":"Feature","id":"way/375385107","properties":{"layer":"building"},"geometry":{"type":"LineString","coordinates":[[4.4475245,51.29409],[4.4475501,51.2940117],[4.4474787,51.2940025],[4.4474531,51.2940808],[4.4475245,51.29409]]}},{"type":"Feature","id":"way/375385108","properties":{"layer":"building"},"geometry":{"type":"LineString","coordinates":[[4.448989,51.2944898],[4.4487823,51.2944643],[4.4487586,51.2945397],[4.4489653,51.2945651],[4.448989,51.2944898]]}},{"type":"Feature","id":"way/375385109","properties":{"layer":"building"},"geometry":{"type":"LineString","coordinates":[[4.4476221,51.2940209],[4.4475501,51.2940117],[4.4475245,51.29409],[4.4475964,51.2940992],[4.4476221,51.2940209]]}},{"type":"Feature","id":"way/375385111","properties":{"layer":"building"},"geometry":{"type":"LineString","coordinates":[[4.4477277,51.2939511],[4.4476779,51.2941058],[4.447789,51.2941198],[4.4478388,51.293965],[4.4477277,51.2939511]]}},{"type":"Feature","id":"way/375385112","properties":{"layer":"building"},"geometry":{"type":"LineString","coordinates":[[4.447789,51.2941198],[4.4478758,51.2941307],[4.4479042,51.2940492],[4.4479256,51.293976],[4.4478388,51.293965],[4.447789,51.2941198]]}},{"type":"Feature","id":"way/375385113","properties":{"layer":"building"},"geometry":{"type":"LineString","coordinates":[[4.4466862,51.2941544],[4.4465596,51.2941364],[4.4465161,51.2942562],[4.4466427,51.2942742],[4.4466862,51.2941544]]}},{"type":"Feature","id":"way/375385115","properties":{"layer":"building"},"geometry":{"type":"LineString","coordinates":[[4.4479042,51.2940492],[4.4478758,51.2941307],[4.4479894,51.2941462],[4.4480179,51.2940647],[4.4479042,51.2940492]]}},{"type":"Feature","id":"way/375385118","properties":{"layer":"building"},"geometry":{"type":"LineString","coordinates":[[4.4481324,51.2941758],[4.4481686,51.294056],[4.4480935,51.2940471],[4.4480573,51.2941669],[4.4481324,51.2941758]]}},{"type":"Feature","id":"way/375385120","properties":{"layer":"building"},"geometry":{"type":"LineString","coordinates":[[4.4482467,51.2940652],[4.4481686,51.294056],[4.4481324,51.2941758],[4.4482105,51.294185],[4.4482467,51.2940652]]}},{"type":"Feature","id":"way/375385122","properties":{"layer":"building"},"geometry":{"type":"LineString","coordinates":[[4.4484265,51.2940373],[4.4482933,51.2940196],[4.4482541,51.2941347],[4.4483873,51.2941525],[4.4484265,51.2940373]]}},{"type":"Feature","id":"way/375385123","properties":{"layer":"building"},"geometry":{"type":"LineString","coordinates":[[4.4460609,51.2937396],[4.4461235,51.2937561],[4.4461916,51.2936557],[4.4461289,51.2936391],[4.4460609,51.2937396]]}},{"type":"Feature","id":"way/375385125","properties":{"layer":"building"},"geometry":{"type":"LineString","coordinates":[[4.4485153,51.2940492],[4.4484265,51.2940373],[4.4483873,51.2941525],[4.4484761,51.2941643],[4.4485153,51.2940492]]}},{"type":"Feature","id":"way/375385127","properties":{"layer":"building"},"geometry":{"type":"LineString","coordinates":[[4.4486921,51.2941279],[4.4485837,51.2941108],[4.4485361,51.2942283],[4.4486444,51.2942455],[4.4486921,51.2941279]]}},{"type":"Feature","id":"way/375385129","properties":{"layer":"building"},"geometry":{"type":"LineString","coordinates":[[4.4487845,51.2942677],[4.4488321,51.2941501],[4.4486921,51.2941279],[4.4486444,51.2942455],[4.4487845,51.2942677]]}},{"type":"Feature","id":"way/375385131","properties":{"layer":"building"},"geometry":{"type":"LineString","coordinates":[[4.4489453,51.2941681],[4.4488321,51.2941501],[4.4487845,51.2942677],[4.4488977,51.2942856],[4.4489453,51.2941681]]}},{"type":"Feature","id":"way/375385133","properties":{"layer":"building"},"geometry":{"type":"LineString","coordinates":[[4.4491535,51.2942067],[4.4490284,51.2941884],[4.4489877,51.2942969],[4.4491128,51.2943152],[4.4491535,51.2942067]]}},{"type":"Feature","id":"way/375385134","properties":{"layer":"building"},"geometry":{"type":"LineString","coordinates":[[4.4467207,51.2942853],[4.4467532,51.2941959],[4.4467642,51.2941654],[4.4466862,51.2941544],[4.4466427,51.2942742],[4.4467207,51.2942853]]}},{"type":"Feature","id":"way/375385136","properties":{"layer":"building"},"geometry":{"type":"LineString","coordinates":[[4.4493723,51.2943195],[4.449404,51.2942294],[4.4492679,51.2942107],[4.4492362,51.2943008],[4.4493723,51.2943195]]}},{"type":"Feature","id":"way/375385138","properties":{"layer":"building"},"geometry":{"type":"LineString","coordinates":[[4.4495413,51.2942482],[4.449404,51.2942294],[4.4493723,51.2943195],[4.4495096,51.2943384],[4.4495413,51.2942482]]}},{"type":"Feature","id":"way/375385141","properties":{"layer":"building"},"geometry":{"type":"LineString","coordinates":[[4.44972,51.2943931],[4.4497744,51.2942431],[4.449688,51.2942308],[4.4496337,51.2943809],[4.44972,51.2943931]]}},{"type":"Feature","id":"way/375385143","properties":{"layer":"building"},"geometry":{"type":"LineString","coordinates":[[4.449879,51.2942579],[4.4497744,51.2942431],[4.44972,51.2943931],[4.4498247,51.2944079],[4.449879,51.2942579]]}},{"type":"Feature","id":"way/375385144","properties":{"layer":"building"},"geometry":{"type":"LineString","coordinates":[[4.4461235,51.2937561],[4.4461861,51.2937727],[4.4462542,51.2936722],[4.4461916,51.2936557],[4.4461235,51.2937561]]}},{"type":"Feature","id":"way/375385146","properties":{"layer":"building"},"geometry":{"type":"LineString","coordinates":[[4.4499278,51.2944225],[4.4499821,51.2942725],[4.449879,51.2942579],[4.4498247,51.2944079],[4.4499278,51.2944225]]}},{"type":"Feature","id":"way/375385148","properties":{"layer":"building"},"geometry":{"type":"LineString","coordinates":[[4.4500925,51.2942881],[4.4499821,51.2942725],[4.4499278,51.2944225],[4.4500382,51.2944381],[4.4500925,51.2942881]]}},{"type":"Feature","id":"way/375385150","properties":{"layer":"building"},"geometry":{"type":"LineString","coordinates":[[4.4502093,51.2944532],[4.45026,51.2943164],[4.4501684,51.2943032],[4.4501178,51.29444],[4.4502093,51.2944532]]}},{"type":"Feature","id":"way/375385152","properties":{"layer":"building"},"geometry":{"type":"LineString","coordinates":[[4.4503581,51.2943183],[4.4502606,51.2943051],[4.4502093,51.2944532],[4.4503068,51.2944664],[4.4503581,51.2943183]]}},{"type":"Feature","id":"way/375385154","properties":{"layer":"building"},"geometry":{"type":"LineString","coordinates":[[4.4468164,51.2942049],[4.4467532,51.2941959],[4.4467207,51.2942853],[4.4467058,51.2943261],[4.4467691,51.2943351],[4.4468164,51.2942049]]}},{"type":"Feature","id":"way/375385156","properties":{"layer":"building"},"geometry":{"type":"LineString","coordinates":[[4.4506387,51.2942834],[4.4505286,51.2942668],[4.4504879,51.2943725],[4.450598,51.2943891],[4.4506387,51.2942834]]}},{"type":"Feature","id":"way/375385158","properties":{"layer":"building"},"geometry":{"type":"LineString","coordinates":[[4.4506691,51.2944234],[4.4505831,51.294411],[4.4505491,51.2945032],[4.450635,51.2945156],[4.4506691,51.2944234]]}},{"type":"Feature","id":"way/375385160","properties":{"layer":"building"},"geometry":{"type":"LineString","coordinates":[[4.4506982,51.2945247],[4.4507322,51.2944325],[4.4506691,51.2944234],[4.450635,51.2945156],[4.4506982,51.2945247]]}},{"type":"Feature","id":"way/375385162","properties":{"layer":"building"},"geometry":{"type":"LineString","coordinates":[[4.4508107,51.2944438],[4.4507322,51.2944325],[4.4506982,51.2945247],[4.4507766,51.2945361],[4.4508107,51.2944438]]}},{"type":"Feature","id":"way/375385165","properties":{"layer":"building"},"geometry":{"type":"LineString","coordinates":[[4.4461861,51.2937727],[4.4462488,51.2937893],[4.4463168,51.2936888],[4.4462542,51.2936722],[4.4461861,51.2937727]]}},{"type":"Feature","id":"way/375388666","properties":{"layer":"building"},"geometry":{"type":"LineString","coordinates":[[4.4435779,51.2938927],[4.4436733,51.2937564],[4.4435377,51.2937193],[4.4434423,51.2938556],[4.4435779,51.2938927]]}},{"type":"Feature","id":"way/375388669","properties":{"layer":"building"},"geometry":{"type":"LineString","coordinates":[[4.4437943,51.2941702],[4.4437469,51.2942359],[4.4438184,51.2942561],[4.4438658,51.2941904],[4.4437943,51.2941702]]}},{"type":"Feature","id":"way/375388681","properties":{"layer":"building"},"geometry":{"type":"LineString","coordinates":[[4.443999,51.2939141],[4.4439435,51.2939889],[4.4440172,51.2940103],[4.4440726,51.2939355],[4.443999,51.2939141]]}},{"type":"Feature","id":"way/375388691","properties":{"layer":"building"},"geometry":{"type":"LineString","coordinates":[[4.4438184,51.2942561],[4.4438844,51.2942746],[4.4439317,51.294209],[4.4438658,51.2941904],[4.4438184,51.2942561]]}},{"type":"Feature","id":"way/375388698","properties":{"layer":"building"},"geometry":{"type":"LineString","coordinates":[[4.4440172,51.2940103],[4.4440906,51.2940316],[4.4441461,51.2939568],[4.4440726,51.2939355],[4.4440172,51.2940103]]}},{"type":"Feature","id":"way/375388705","properties":{"layer":"building"},"geometry":{"type":"LineString","coordinates":[[4.4439317,51.294209],[4.4438844,51.2942746],[4.4439416,51.2942908],[4.443989,51.2942251],[4.4439317,51.294209]]}},{"type":"Feature","id":"way/375388709","properties":{"layer":"building"},"geometry":{"type":"LineString","coordinates":[[4.4441461,51.2939568],[4.4440906,51.2940316],[4.444163,51.2940525],[4.4442185,51.2939778],[4.4441461,51.2939568]]}},{"type":"Feature","id":"way/375388711","properties":{"layer":"building"},"geometry":{"type":"LineString","coordinates":[[4.4439416,51.2942908],[4.4440118,51.2943106],[4.4440592,51.2942449],[4.443989,51.2942251],[4.4439416,51.2942908]]}},{"type":"Feature","id":"way/375388713","properties":{"layer":"building"},"geometry":{"type":"LineString","coordinates":[[4.444163,51.2940525],[4.4442267,51.294071],[4.4442821,51.2939962],[4.4442185,51.2939778],[4.444163,51.2940525]]}},{"type":"Feature","id":"way/375388714","properties":{"layer":"building"},"geometry":{"type":"LineString","coordinates":[[4.4440592,51.2942449],[4.4440118,51.2943106],[4.4440725,51.2943277],[4.4441199,51.294262],[4.4440592,51.2942449]]}},{"type":"Feature","id":"way/375388716","properties":{"layer":"building"},"geometry":{"type":"LineString","coordinates":[[4.4442821,51.2939962],[4.4442267,51.294071],[4.4442952,51.2940909],[4.4443506,51.2940161],[4.4442821,51.2939962]]}},{"type":"Feature","id":"way/375388718","properties":{"layer":"building"},"geometry":{"type":"LineString","coordinates":[[4.4440725,51.2943277],[4.4441394,51.2943466],[4.4441868,51.2942809],[4.4441199,51.294262],[4.4440725,51.2943277]]}},{"type":"Feature","id":"way/375388720","properties":{"layer":"building"},"geometry":{"type":"LineString","coordinates":[[4.4442952,51.2940909],[4.4443533,51.2941077],[4.4444087,51.2940329],[4.4443506,51.2940161],[4.4442952,51.2940909]]}},{"type":"Feature","id":"way/375388722","properties":{"layer":"building"},"geometry":{"type":"LineString","coordinates":[[4.4441868,51.2942809],[4.4441394,51.2943466],[4.4442489,51.2943775],[4.4442963,51.2943118],[4.4441868,51.2942809]]}},{"type":"Feature","id":"way/375388724","properties":{"layer":"building"},"geometry":{"type":"LineString","coordinates":[[4.4442489,51.2943775],[4.444313,51.2943955],[4.4443603,51.2943298],[4.4442963,51.2943118],[4.4442489,51.2943775]]}},{"type":"Feature","id":"way/375388726","properties":{"layer":"building"},"geometry":{"type":"LineString","coordinates":[[4.444552,51.2940347],[4.444479,51.29414],[4.4445546,51.2941605],[4.4446276,51.2940552],[4.444552,51.2940347]]}},{"type":"Feature","id":"way/375388728","properties":{"layer":"building"},"geometry":{"type":"LineString","coordinates":[[4.4443603,51.2943298],[4.444313,51.2943955],[4.4443809,51.2944147],[4.4444283,51.294349],[4.4443603,51.2943298]]}},{"type":"Feature","id":"way/375388729","properties":{"layer":"building"},"geometry":{"type":"LineString","coordinates":[[4.4445546,51.2941605],[4.444644,51.2941847],[4.444717,51.2940794],[4.4446276,51.2940552],[4.4445546,51.2941605]]}},{"type":"Feature","id":"way/375388730","properties":{"layer":"building"},"geometry":{"type":"LineString","coordinates":[[4.4437528,51.2937781],[4.4436733,51.2937564],[4.4435779,51.2938927],[4.4436574,51.2939145],[4.4437528,51.2937781]]}},{"type":"Feature","id":"way/375388731","properties":{"layer":"building"},"geometry":{"type":"LineString","coordinates":[[4.4443809,51.2944147],[4.4444427,51.2944321],[4.4444901,51.2943664],[4.4444283,51.294349],[4.4443809,51.2944147]]}},{"type":"Feature","id":"way/375388732","properties":{"layer":"building"},"geometry":{"type":"LineString","coordinates":[[4.4444901,51.2943664],[4.4444427,51.2944321],[4.4445071,51.2944503],[4.4445544,51.2943846],[4.4444901,51.2943664]]}},{"type":"Feature","id":"way/375388733","properties":{"layer":"building"},"geometry":{"type":"LineString","coordinates":[[4.4448718,51.2941616],[4.4448047,51.2941439],[4.4447545,51.2942184],[4.4448216,51.2942361],[4.4448718,51.2941616]]}},{"type":"Feature","id":"way/375388734","properties":{"layer":"building"},"geometry":{"type":"LineString","coordinates":[[4.4445071,51.2944503],[4.4445744,51.2944693],[4.4446218,51.2944036],[4.4445544,51.2943846],[4.4445071,51.2944503]]}},{"type":"Feature","id":"way/375388735","properties":{"layer":"building"},"geometry":{"type":"LineString","coordinates":[[4.4448889,51.2942538],[4.4449391,51.2941793],[4.4448718,51.2941616],[4.4448216,51.2942361],[4.4448889,51.2942538]]}},{"type":"Feature","id":"way/375388736","properties":{"layer":"building"},"geometry":{"type":"LineString","coordinates":[[4.4450193,51.2942005],[4.4449391,51.2941793],[4.4448889,51.2942538],[4.4449691,51.294275],[4.4450193,51.2942005]]}},{"type":"Feature","id":"way/375388737","properties":{"layer":"building"},"geometry":{"type":"LineString","coordinates":[[4.4447837,51.2944434],[4.4447022,51.2944197],[4.4446278,51.2945195],[4.4447093,51.2945433],[4.4447837,51.2944434]]}},{"type":"Feature","id":"way/375388738","properties":{"layer":"building"},"geometry":{"type":"LineString","coordinates":[[4.4450284,51.2942906],[4.4450786,51.2942161],[4.4450193,51.2942005],[4.4449691,51.294275],[4.4450284,51.2942906]]}},{"type":"Feature","id":"way/375388739","properties":{"layer":"building"},"geometry":{"type":"LineString","coordinates":[[4.4447908,51.294567],[4.4448652,51.2944671],[4.4447837,51.2944434],[4.4447093,51.2945433],[4.4447908,51.294567]]}},{"type":"Feature","id":"way/375388740","properties":{"layer":"building"},"geometry":{"type":"LineString","coordinates":[[4.4451964,51.2942471],[4.4450786,51.2942161],[4.4450284,51.2942906],[4.4451462,51.2943216],[4.4451964,51.2942471]]}},{"type":"Feature","id":"way/375388741","properties":{"layer":"building"},"geometry":{"type":"LineString","coordinates":[[4.444954,51.294493],[4.4448652,51.2944671],[4.4447908,51.294567],[4.4448796,51.2945928],[4.444954,51.294493]]}},{"type":"Feature","id":"way/375388743","properties":{"layer":"building"},"geometry":{"type":"LineString","coordinates":[[4.4451964,51.2942471],[4.4451462,51.2943216],[4.4452139,51.2943395],[4.4452642,51.294265],[4.4451964,51.2942471]]}},{"type":"Feature","id":"way/375388745","properties":{"layer":"building"},"geometry":{"type":"LineString","coordinates":[[4.4452139,51.2943395],[4.4452801,51.2943569],[4.4453303,51.2942824],[4.4452642,51.294265],[4.4452139,51.2943395]]}},{"type":"Feature","id":"way/375388746","properties":{"layer":"building"},"geometry":{"type":"LineString","coordinates":[[4.4437334,51.2939353],[4.4438288,51.2937989],[4.4437528,51.2937781],[4.4436574,51.2939145],[4.4437334,51.2939353]]}},{"type":"Feature","id":"way/375388754","properties":{"layer":"building"},"geometry":{"type":"LineString","coordinates":[[4.44366,51.2941323],[4.4436127,51.294198],[4.4436829,51.2942178],[4.4437302,51.2941521],[4.44366,51.2941323]]}},{"type":"Feature","id":"way/375388770","properties":{"layer":"building"},"geometry":{"type":"LineString","coordinates":[[4.4439164,51.2938229],[4.4438288,51.2937989],[4.4437334,51.2939353],[4.443821,51.2939592],[4.4438814,51.2938704],[4.4439164,51.2938229]]}},{"type":"Feature","id":"way/375388783","properties":{"layer":"building"},"geometry":{"type":"LineString","coordinates":[[4.4436829,51.2942178],[4.4437469,51.2942359],[4.4437943,51.2941702],[4.4437302,51.2941521],[4.4436829,51.2942178]]}},{"type":"Feature","id":"way/375388797","properties":{"layer":"building"},"geometry":{"type":"LineString","coordinates":[[4.4438814,51.2938704],[4.443821,51.2939592],[4.4439133,51.2939837],[4.4439736,51.2938949],[4.4438814,51.2938704]]}},{"type":"Feature","id":"way/375404068","properties":{"layer":"building"},"geometry":{"type":"LineString","coordinates":[[4.4446928,51.2925801],[4.4445382,51.2926145],[4.4445664,51.292664],[4.444721,51.2926296],[4.4446928,51.2925801]]}},{"type":"Feature","id":"way/375404083","properties":{"layer":"building"},"geometry":{"type":"LineString","coordinates":[[4.4452205,51.2925781],[4.4450855,51.2926085],[4.4451231,51.2926738],[4.4452581,51.2926435],[4.4452205,51.2925781]]}},{"type":"Feature","id":"way/375404086","properties":{"layer":"building"},"geometry":{"type":"LineString","coordinates":[[4.4445664,51.292664],[4.4445904,51.2927062],[4.444745,51.2926718],[4.444721,51.2926296],[4.4445664,51.292664]]}},{"type":"Feature","id":"way/375404088","properties":{"layer":"building"},"geometry":{"type":"LineString","coordinates":[[4.4451231,51.2926738],[4.4451553,51.2927299],[4.4452903,51.2926996],[4.4452581,51.2926435],[4.4451231,51.2926738]]}},{"type":"Feature","id":"way/375404091","properties":{"layer":"building"},"geometry":{"type":"LineString","coordinates":[[4.444745,51.2926718],[4.4445904,51.2927062],[4.444616,51.2927511],[4.4447706,51.2927167],[4.444745,51.2926718]]}},{"type":"Feature","id":"way/375404093","properties":{"layer":"building"},"geometry":{"type":"LineString","coordinates":[[4.4452903,51.2926996],[4.4451553,51.2927299],[4.4451864,51.2927841],[4.4453214,51.2927538],[4.4452903,51.2926996]]}},{"type":"Feature","id":"way/375404096","properties":{"layer":"building"},"geometry":{"type":"LineString","coordinates":[[4.4447706,51.2927167],[4.444616,51.2927511],[4.4446412,51.2927954],[4.4447958,51.292761],[4.4447706,51.2927167]]}},{"type":"Feature","id":"way/375404099","properties":{"layer":"building"},"geometry":{"type":"LineString","coordinates":[[4.4453069,51.2927727],[4.445189,51.2927989],[4.4452151,51.2928449],[4.445333,51.2928187],[4.4453069,51.2927727]]}},{"type":"Feature","id":"way/375404102","properties":{"layer":"building"},"geometry":{"type":"LineString","coordinates":[[4.4446412,51.2927954],[4.4446702,51.2928465],[4.4448249,51.2928121],[4.4447958,51.292761],[4.4446412,51.2927954]]}},{"type":"Feature","id":"way/375404104","properties":{"layer":"building"},"geometry":{"type":"LineString","coordinates":[[4.4452151,51.2928449],[4.4452428,51.2928937],[4.4453608,51.2928675],[4.445333,51.2928187],[4.4452151,51.2928449]]}},{"type":"Feature","id":"way/375404107","properties":{"layer":"building"},"geometry":{"type":"LineString","coordinates":[[4.4445744,51.292372],[4.4444198,51.2924064],[4.4444539,51.2924664],[4.4446085,51.292432],[4.4445744,51.292372]]}},{"type":"Feature","id":"way/375404109","properties":{"layer":"building"},"geometry":{"type":"LineString","coordinates":[[4.4448249,51.2928121],[4.4446702,51.2928465],[4.4446951,51.2928902],[4.4448497,51.2928557],[4.4448249,51.2928121]]}},{"type":"Feature","id":"way/375404112","properties":{"layer":"building"},"geometry":{"type":"LineString","coordinates":[[4.4453608,51.2928675],[4.4452428,51.2928937],[4.4452732,51.2929471],[4.4453911,51.2929208],[4.4453608,51.2928675]]}},{"type":"Feature","id":"way/375404115","properties":{"layer":"building"},"geometry":{"type":"LineString","coordinates":[[4.4446951,51.2928902],[4.4447231,51.2929394],[4.4448778,51.292905],[4.4448497,51.2928557],[4.4446951,51.2928902]]}},{"type":"Feature","id":"way/375404117","properties":{"layer":"building"},"geometry":{"type":"LineString","coordinates":[[4.4454144,51.2929317],[4.4452794,51.2929653],[4.4453076,51.2930095],[4.4454425,51.2929759],[4.4454144,51.2929317]]}},{"type":"Feature","id":"way/375404120","properties":{"layer":"building"},"geometry":{"type":"LineString","coordinates":[[4.4448778,51.292905],[4.4447231,51.2929394],[4.4447469,51.2929812],[4.4449015,51.2929468],[4.4448778,51.292905]]}},{"type":"Feature","id":"way/375404122","properties":{"layer":"building"},"geometry":{"type":"LineString","coordinates":[[4.4453076,51.2930095],[4.4453297,51.2930443],[4.4454647,51.2930107],[4.4454425,51.2929759],[4.4453076,51.2930095]]}},{"type":"Feature","id":"way/375404125","properties":{"layer":"building"},"geometry":{"type":"LineString","coordinates":[[4.4447469,51.2929812],[4.4447773,51.2930346],[4.4449319,51.2930002],[4.4449015,51.2929468],[4.4447469,51.2929812]]}},{"type":"Feature","id":"way/375404127","properties":{"layer":"building"},"geometry":{"type":"LineString","coordinates":[[4.4455087,51.2930284],[4.4453305,51.2930677],[4.4453612,51.2931221],[4.4455394,51.2930828],[4.4455087,51.2930284]]}},{"type":"Feature","id":"way/375404130","properties":{"layer":"building"},"geometry":{"type":"LineString","coordinates":[[4.4449319,51.2930002],[4.4447773,51.2930346],[4.4448067,51.2930863],[4.4449613,51.2930518],[4.4449319,51.2930002]]}},{"type":"Feature","id":"way/375404131","properties":{"layer":"building"},"geometry":{"type":"LineString","coordinates":[[4.4455394,51.2930828],[4.4453612,51.2931221],[4.4454237,51.2932329],[4.4455546,51.2932029],[4.4456019,51.2931935],[4.4455394,51.2930828]]}},{"type":"Feature","id":"way/375404134","properties":{"layer":"building"},"geometry":{"type":"LineString","coordinates":[[4.4448067,51.2930863],[4.4448402,51.2931452],[4.4449949,51.2931107],[4.4449613,51.2930518],[4.4448067,51.2930863]]}},{"type":"Feature","id":"way/375404137","properties":{"layer":"building"},"geometry":{"type":"LineString","coordinates":[[4.4455546,51.2932029],[4.4454237,51.2932329],[4.4454669,51.2933066],[4.4455977,51.2932767],[4.4455546,51.2932029]]}},{"type":"Feature","id":"way/375404139","properties":{"layer":"building"},"geometry":{"type":"LineString","coordinates":[[4.4449949,51.2931107],[4.4448402,51.2931452],[4.444874,51.2932044],[4.4450286,51.29317],[4.4449949,51.2931107]]}},{"type":"Feature","id":"way/375404141","properties":{"layer":"building"},"geometry":{"type":"LineString","coordinates":[[4.4454669,51.2933066],[4.4454912,51.2933481],[4.445622,51.2933182],[4.4455977,51.2932767],[4.4454669,51.2933066]]}},{"type":"Feature","id":"way/375404145","properties":{"layer":"building"},"geometry":{"type":"LineString","coordinates":[[4.444874,51.2932044],[4.444901,51.2932519],[4.4450556,51.2932175],[4.4450286,51.29317],[4.444874,51.2932044]]}},{"type":"Feature","id":"way/375404147","properties":{"layer":"building"},"geometry":{"type":"LineString","coordinates":[[4.445622,51.2933182],[4.4454912,51.2933481],[4.4455196,51.2933968],[4.4456505,51.2933669],[4.445622,51.2933182]]}},{"type":"Feature","id":"way/375404150","properties":{"layer":"building"},"geometry":{"type":"LineString","coordinates":[[4.4450556,51.2932175],[4.444901,51.2932519],[4.4449309,51.2933045],[4.4450855,51.2932701],[4.4450556,51.2932175]]}},{"type":"Feature","id":"way/375404152","properties":{"layer":"building"},"geometry":{"type":"LineString","coordinates":[[4.4455196,51.2933968],[4.4455477,51.2934448],[4.4456786,51.2934149],[4.4456505,51.2933669],[4.4455196,51.2933968]]}},{"type":"Feature","id":"way/375404155","properties":{"layer":"building"},"geometry":{"type":"LineString","coordinates":[[4.4449309,51.2933045],[4.4449547,51.2933462],[4.4451093,51.2933118],[4.4450855,51.2932701],[4.4449309,51.2933045]]}},{"type":"Feature","id":"way/375404157","properties":{"layer":"building"},"geometry":{"type":"LineString","coordinates":[[4.4456786,51.2934149],[4.4455477,51.2934448],[4.4455754,51.2934921],[4.4457063,51.2934622],[4.4456786,51.2934149]]}},{"type":"Feature","id":"way/375404160","properties":{"layer":"building"},"geometry":{"type":"LineString","coordinates":[[4.4444539,51.2924664],[4.4444816,51.2925151],[4.4446362,51.2924807],[4.4446085,51.292432],[4.4444539,51.2924664]]}},{"type":"Feature","id":"way/375404162","properties":{"layer":"building"},"geometry":{"type":"LineString","coordinates":[[4.4451093,51.2933118],[4.4449547,51.2933462],[4.4449823,51.2933948],[4.445137,51.2933604],[4.4451093,51.2933118]]}},{"type":"Feature","id":"way/375404164","properties":{"layer":"building"},"geometry":{"type":"LineString","coordinates":[[4.4455754,51.2934921],[4.4456058,51.2935441],[4.4457367,51.2935142],[4.4457063,51.2934622],[4.4455754,51.2934921]]}},{"type":"Feature","id":"way/375404167","properties":{"layer":"building"},"geometry":{"type":"LineString","coordinates":[[4.4449823,51.2933948],[4.4450083,51.2934404],[4.4451629,51.293406],[4.445137,51.2933604],[4.4449823,51.2933948]]}},{"type":"Feature","id":"way/375404169","properties":{"layer":"building"},"geometry":{"type":"LineString","coordinates":[[4.4457367,51.2935142],[4.4456058,51.2935441],[4.4456322,51.2935891],[4.445763,51.2935592],[4.4457367,51.2935142]]}},{"type":"Feature","id":"way/375404170","properties":{"layer":"building"},"geometry":{"type":"LineString","coordinates":[[4.4451629,51.293406],[4.4450083,51.2934404],[4.4450245,51.2934867],[4.4451693,51.2935233],[4.4452119,51.2934989],[4.4451629,51.293406]]}},{"type":"Feature","id":"way/375404171","properties":{"layer":"building"},"geometry":{"type":"LineString","coordinates":[[4.4456322,51.2935891],[4.4456476,51.2936315],[4.4457925,51.2936699],[4.4458237,51.2936629],[4.4458534,51.2935397],[4.445763,51.2935592],[4.4456322,51.2935891]]}},{"type":"Feature","id":"way/375404172","properties":{"layer":"building"},"geometry":{"type":"LineString","coordinates":[[4.4453352,51.2937126],[4.4453006,51.2936669],[4.4452228,51.2936517],[4.4451541,51.2937483],[4.4451735,51.2937565],[4.4453352,51.2937126]]}},{"type":"Feature","id":"way/375404173","properties":{"layer":"building"},"geometry":{"type":"LineString","coordinates":[[4.4460082,51.2941606],[4.4462359,51.2941945],[4.4462716,51.2941006],[4.4460439,51.2940668],[4.4460082,51.2941606]]}},{"type":"Feature","id":"way/375404174","properties":{"layer":"building"},"geometry":{"type":"LineString","coordinates":[[4.4453644,51.2937553],[4.4453352,51.2937126],[4.4451735,51.2937565],[4.4451987,51.2937918],[4.4453644,51.2937553]]}},{"type":"Feature","id":"way/375404175","properties":{"layer":"building"},"geometry":{"type":"LineString","coordinates":[[4.4462196,51.2942458],[4.4462359,51.2941945],[4.4460082,51.2941606],[4.445988,51.2942136],[4.4462196,51.2942458]]}},{"type":"Feature","id":"way/375404176","properties":{"layer":"building"},"geometry":{"type":"LineString","coordinates":[[4.4451379,51.2924343],[4.4451235,51.2924072],[4.4454497,51.2923359],[4.4453625,51.2922808],[4.4449524,51.2923767],[4.4450029,51.2924646],[4.4451379,51.2924343]]}},{"type":"Feature","id":"way/375404177","properties":{"layer":"building"},"geometry":{"type":"LineString","coordinates":[[4.44539,51.2937942],[4.4453644,51.2937553],[4.4451987,51.2937918],[4.4451088,51.2938102],[4.4451305,51.29385],[4.44539,51.2937942]]}},{"type":"Feature","id":"way/375404178","properties":{"layer":"building"},"geometry":{"type":"LineString","coordinates":[[4.4460153,51.2942815],[4.4462079,51.2943003],[4.4462196,51.2942458],[4.445988,51.2942136],[4.4460153,51.2942815]]}},{"type":"Feature","id":"way/375404179","properties":{"layer":"building"},"geometry":{"type":"LineString","coordinates":[[4.44539,51.2937942],[4.4451305,51.29385],[4.4451591,51.2939022],[4.4454238,51.2938457],[4.44539,51.2937942]]}},{"type":"Feature","id":"way/375404180","properties":{"layer":"building"},"geometry":{"type":"LineString","coordinates":[[4.4462332,51.2943386],[4.4462079,51.2943003],[4.4460153,51.2942815],[4.4460681,51.2943812],[4.4462332,51.2943386]]}},{"type":"Feature","id":"way/375404181","properties":{"layer":"building"},"geometry":{"type":"LineString","coordinates":[[4.4451591,51.2939022],[4.4451928,51.2939639],[4.4454575,51.2939074],[4.4454238,51.2938457],[4.4451591,51.2939022]]}},{"type":"Feature","id":"way/375404182","properties":{"layer":"building"},"geometry":{"type":"LineString","coordinates":[[4.4454575,51.2939074],[4.4451928,51.2939639],[4.4452267,51.2940261],[4.4454914,51.2939695],[4.4454575,51.2939074]]}},{"type":"Feature","id":"way/375404183","properties":{"layer":"building"},"geometry":{"type":"LineString","coordinates":[[4.4461018,51.2944324],[4.4462669,51.2943897],[4.4462332,51.2943386],[4.4460681,51.2943812],[4.4461018,51.2944324]]}},{"type":"Feature","id":"way/375404184","properties":{"layer":"building"},"geometry":{"type":"LineString","coordinates":[[4.4452267,51.2940261],[4.4452543,51.2940765],[4.445519,51.2940199],[4.4454914,51.2939695],[4.4452267,51.2940261]]}},{"type":"Feature","id":"way/375404185","properties":{"layer":"building"},"geometry":{"type":"LineString","coordinates":[[4.4462973,51.2944357],[4.4462669,51.2943897],[4.4461018,51.2944324],[4.4461321,51.2944783],[4.4462973,51.2944357]]}},{"type":"Feature","id":"way/375404186","properties":{"layer":"building"},"geometry":{"type":"LineString","coordinates":[[4.4446362,51.2924807],[4.4444816,51.2925151],[4.4445104,51.2925656],[4.444665,51.2925312],[4.4446362,51.2924807]]}},{"type":"Feature","id":"way/375404187","properties":{"layer":"building"},"geometry":{"type":"LineString","coordinates":[[4.4463324,51.2945559],[4.4463195,51.2945327],[4.4463708,51.2945215],[4.446332,51.2944521],[4.4461448,51.294493],[4.4461966,51.2945856],[4.4463324,51.2945559]]}},{"type":"Feature","id":"way/375404188","properties":{"layer":"building"},"geometry":{"type":"LineString","coordinates":[[4.445526,51.2940565],[4.4452283,51.2941221],[4.4452763,51.2942073],[4.445574,51.2941418],[4.445526,51.2940565]]}},{"type":"Feature","id":"way/375404190","properties":{"layer":"building"},"geometry":{"type":"LineString","coordinates":[[4.4452763,51.2942073],[4.4453001,51.2942495],[4.4454143,51.2942244],[4.4455977,51.294184],[4.445574,51.2941418],[4.4452763,51.2942073]]}},{"type":"Feature","id":"way/375404191","properties":{"layer":"building"},"geometry":{"type":"LineString","coordinates":[[4.4455977,51.294184],[4.4454143,51.2942244],[4.4454377,51.2942658],[4.4456211,51.2942255],[4.4455977,51.294184]]}},{"type":"Feature","id":"way/375404192","properties":{"layer":"building"},"geometry":{"type":"LineString","coordinates":[[4.4456795,51.2943105],[4.4454349,51.2943661],[4.4454386,51.2943997],[4.4456644,51.2944661],[4.4456999,51.29447],[4.4457333,51.2944607],[4.4457524,51.2944411],[4.4456795,51.2943105]]}},{"type":"Feature","id":"way/375404193","properties":{"layer":"building"},"geometry":{"type":"LineString","coordinates":[[4.4451379,51.2924343],[4.4450029,51.2924646],[4.4450578,51.2925603],[4.4451928,51.2925299],[4.4451379,51.2924343]]}},{"type":"Feature","id":"way/375404202","properties":{"layer":"building"},"geometry":{"type":"LineString","coordinates":[[4.4445104,51.2925656],[4.4445382,51.2926145],[4.4446928,51.2925801],[4.444665,51.2925312],[4.4445104,51.2925656]]}},{"type":"Feature","id":"way/375404213","properties":{"layer":"building"},"geometry":{"type":"LineString","coordinates":[[4.4450578,51.2925603],[4.4450855,51.2926085],[4.4452205,51.2925781],[4.4451928,51.2925299],[4.4450578,51.2925603]]}},{"type":"Feature","id":"way/375658253","properties":{"layer":"building"},"geometry":{"type":"LineString","coordinates":[[4.4509935,51.2944507],[4.4509351,51.2945431],[4.4510208,51.2945629],[4.4510399,51.2945304],[4.4510912,51.2945423],[4.451127,51.2944851],[4.4509935,51.2944507]]}},{"type":"Feature","id":"way/375658258","properties":{"layer":"building"},"geometry":{"type":"LineString","coordinates":[[4.4511629,51.2944305],[4.4510295,51.2943962],[4.4509935,51.2944507],[4.451127,51.2944851],[4.4511629,51.2944305]]}},{"type":"Feature","id":"way/375658263","properties":{"layer":"building"},"geometry":{"type":"LineString","coordinates":[[4.4512481,51.2942664],[4.4510238,51.294208],[4.4509868,51.2942637],[4.4512111,51.2943221],[4.4512481,51.2942664]]}},{"type":"Feature","id":"way/375658265","properties":{"layer":"building"},"geometry":{"type":"LineString","coordinates":[[4.4511191,51.2940827],[4.4510799,51.2941376],[4.4512934,51.2941971],[4.4513325,51.2941421],[4.4511191,51.2940827]]}},{"type":"Feature","id":"way/375658268","properties":{"layer":"building"},"geometry":{"type":"LineString","coordinates":[[4.4516364,51.2944661],[4.4514552,51.2944179],[4.451431,51.2944534],[4.4516122,51.2945016],[4.4516364,51.2944661]]}},{"type":"Feature","id":"way/375658269","properties":{"layer":"building"},"geometry":{"type":"LineString","coordinates":[[4.4513719,51.2940869],[4.4511584,51.2940274],[4.4511191,51.2940827],[4.4513325,51.2941421],[4.4513719,51.2940869]]}},{"type":"Feature","id":"way/375658270","properties":{"layer":"building"},"geometry":{"type":"LineString","coordinates":[[4.4514865,51.2943719],[4.4514552,51.2944179],[4.4516364,51.2944661],[4.4516677,51.2944202],[4.4514865,51.2943719]]}},{"type":"Feature","id":"way/375658271","properties":{"layer":"building"},"geometry":{"type":"LineString","coordinates":[[4.4517181,51.294346],[4.4515369,51.2942978],[4.4514865,51.2943719],[4.4516677,51.2944202],[4.4517181,51.294346]]}},{"type":"Feature","id":"way/375658272","properties":{"layer":"building"},"geometry":{"type":"LineString","coordinates":[[4.4514653,51.2938391],[4.4512217,51.2937772],[4.4511787,51.2938435],[4.4514222,51.2939053],[4.4514653,51.2938391]]}},{"type":"Feature","id":"way/375658273","properties":{"layer":"building"},"geometry":{"type":"LineString","coordinates":[[4.4516132,51.2941953],[4.4515775,51.2942524],[4.4517748,51.2943006],[4.4518105,51.2942435],[4.4516132,51.2941953]]}},{"type":"Feature","id":"way/375658274","properties":{"layer":"building"},"geometry":{"type":"LineString","coordinates":[[4.4518509,51.2941789],[4.4516536,51.2941306],[4.4516132,51.2941953],[4.4518105,51.2942435],[4.4518509,51.2941789]]}},{"type":"Feature","id":"way/375658275","properties":{"layer":"building"},"geometry":{"type":"LineString","coordinates":[[4.4519268,51.2940147],[4.4517971,51.293968],[4.4517283,51.2940426],[4.451858,51.2940893],[4.4519268,51.2940147]]}},{"type":"Feature","id":"way/375658276","properties":{"layer":"building"},"geometry":{"type":"LineString","coordinates":[[4.4508359,51.293434],[4.4506302,51.2933873],[4.4505977,51.2934433],[4.4506472,51.2934546],[4.4506302,51.2934839],[4.4507863,51.2935193],[4.4508359,51.293434]]}},{"type":"Feature","id":"way/375658278","properties":{"layer":"building"},"geometry":{"type":"LineString","coordinates":[[4.4518581,51.2939018],[4.4517971,51.293968],[4.4519268,51.2940147],[4.4519878,51.2939485],[4.4518581,51.2939018]]}},{"type":"Feature","id":"way/375658279","properties":{"layer":"building"},"geometry":{"type":"LineString","coordinates":[[4.4516777,51.2935386],[4.4514607,51.2934807],[4.4514234,51.2935354],[4.4516403,51.2935933],[4.4516777,51.2935386]]}},{"type":"Feature","id":"way/375658280","properties":{"layer":"building"},"geometry":{"type":"LineString","coordinates":[[4.4518552,51.2933563],[4.4517123,51.2933246],[4.4516954,51.2933545],[4.4515662,51.2933258],[4.4515236,51.293401],[4.4517255,51.2934457],[4.451762,51.2933813],[4.4518322,51.2933969],[4.4518552,51.2933563]]}},{"type":"Feature","id":"way/375658281","properties":{"layer":"building"},"geometry":{"type":"LineString","coordinates":[[4.4519094,51.2932891],[4.451853,51.2932742],[4.4518763,51.2932397],[4.4517911,51.2932172],[4.4517686,51.2932503],[4.4517366,51.2932418],[4.4517013,51.2932941],[4.4518749,51.29334],[4.4519094,51.2932891]]}},{"type":"Feature","id":"way/375658282","properties":{"layer":"building"},"geometry":{"type":"LineString","coordinates":[[4.4521119,51.2929525],[4.452028,51.2929339],[4.4520251,51.292939],[4.4519942,51.2929322],[4.4519653,51.2929832],[4.4519967,51.2929901],[4.4519861,51.2930089],[4.4520694,51.2930274],[4.4521119,51.2929525]]}},{"type":"Feature","id":"way/375664347","properties":{"layer":"building"},"geometry":{"type":"LineString","coordinates":[[4.4429091,51.2943595],[4.4428541,51.2944335],[4.4429303,51.2944556],[4.4429851,51.2943817],[4.4429091,51.2943595]]}},{"type":"Feature","id":"way/375664348","properties":{"layer":"building"},"geometry":{"type":"LineString","coordinates":[[4.4429851,51.2943817],[4.4429303,51.2944556],[4.442991,51.2944733],[4.4430462,51.2943994],[4.4429851,51.2943817]]}},{"type":"Feature","id":"way/375664357","properties":{"layer":"building"},"geometry":{"type":"LineString","coordinates":[[4.4432438,51.2945551],[4.4433157,51.2944587],[4.4432442,51.2944379],[4.4431723,51.2945343],[4.4432438,51.2945551]]}},{"type":"Feature","id":"way/375664374","properties":{"layer":"building"},"geometry":{"type":"LineString","coordinates":[[4.4433873,51.2944796],[4.4433157,51.2944587],[4.4432438,51.2945551],[4.4433154,51.294576],[4.4433873,51.2944796]]}},{"type":"Feature","id":"way/375666975","properties":{"layer":"building"},"geometry":{"type":"LineString","coordinates":[[4.4458906,51.2910305],[4.4458048,51.2911418],[4.4460398,51.2912126],[4.4461255,51.2911013],[4.4458906,51.2910305]]}},{"type":"Feature","id":"way/375666976","properties":{"layer":"building"},"geometry":{"type":"LineString","coordinates":[[4.4460494,51.2918222],[4.4458636,51.2917686],[4.4457633,51.2919045],[4.4459491,51.2919581],[4.4460494,51.2918222]]}},{"type":"Feature","id":"way/375666977","properties":{"layer":"building"},"geometry":{"type":"LineString","coordinates":[[4.4462214,51.2914987],[4.4460962,51.2914678],[4.4460732,51.2915044],[4.4460215,51.2915863],[4.4461467,51.2916171],[4.4462214,51.2914987]]}},{"type":"Feature","id":"way/375666979","properties":{"layer":"building"},"geometry":{"type":"LineString","coordinates":[[4.4462597,51.291645],[4.4463115,51.2915627],[4.4462947,51.2915586],[4.446328,51.2915057],[4.4462319,51.291482],[4.4462214,51.2914987],[4.4461467,51.2916171],[4.4462597,51.291645]]}},{"type":"Feature","id":"way/375666980","properties":{"layer":"building"},"geometry":{"type":"LineString","coordinates":[[4.4466007,51.2920096],[4.4464993,51.291981],[4.4464201,51.2920907],[4.4465215,51.2921193],[4.4466007,51.2920096]]}},{"type":"Feature","id":"way/375666981","properties":{"layer":"building"},"geometry":{"type":"LineString","coordinates":[[4.4463622,51.2916703],[4.4464141,51.291588],[4.4463115,51.2915627],[4.4462597,51.291645],[4.4463622,51.2916703]]}},{"type":"Feature","id":"way/375666982","properties":{"layer":"building"},"geometry":{"type":"LineString","coordinates":[[4.4468119,51.2920013],[4.4467035,51.2919784],[4.4466314,51.2921119],[4.446675,51.2921211],[4.4467052,51.2920651],[4.44677,51.2920788],[4.4468119,51.2920013]]}},{"type":"Feature","id":"way/375666983","properties":{"layer":"building"},"geometry":{"type":"LineString","coordinates":[[4.4468525,51.2921582],[4.4469243,51.292025],[4.4468119,51.2920013],[4.44677,51.2920788],[4.44674,51.2921344],[4.4468525,51.2921582]]}},{"type":"Feature","id":"way/375666984","properties":{"layer":"building"},"geometry":{"type":"LineString","coordinates":[[4.4470399,51.2920494],[4.4469243,51.292025],[4.4468525,51.2921582],[4.4469681,51.2921826],[4.4470399,51.2920494]]}},{"type":"Feature","id":"way/375666985","properties":{"layer":"building"},"geometry":{"type":"LineString","coordinates":[[4.4466549,51.2915771],[4.446551,51.2917079],[4.4466296,51.2917323],[4.4467335,51.2916015],[4.4466549,51.2915771]]}},{"type":"Feature","id":"way/375666986","properties":{"layer":"building"},"geometry":{"type":"LineString","coordinates":[[4.4472588,51.292081],[4.4471528,51.2920595],[4.4470951,51.2921782],[4.4471999,51.2921981],[4.4472588,51.292081]]}},{"type":"Feature","id":"way/375666987","properties":{"layer":"building"},"geometry":{"type":"LineString","coordinates":[[4.4472922,51.2922157],[4.4473518,51.2920959],[4.4472588,51.292081],[4.4471999,51.2921981],[4.4472922,51.2922157]]}},{"type":"Feature","id":"way/375666988","properties":{"layer":"building"},"geometry":{"type":"LineString","coordinates":[[4.4467555,51.2917457],[4.4468256,51.291649],[4.4467342,51.291623],[4.446664,51.2917197],[4.4467555,51.2917457]]}},{"type":"Feature","id":"way/375666989","properties":{"layer":"building"},"geometry":{"type":"LineString","coordinates":[[4.4474396,51.2921141],[4.4473518,51.2920959],[4.4472922,51.2922157],[4.4473688,51.2922358],[4.4474257,51.2921363],[4.4474396,51.2921141]]}},{"type":"Feature","id":"way/375666990","properties":{"layer":"building"},"geometry":{"type":"LineString","coordinates":[[4.4469294,51.2916784],[4.4468256,51.291649],[4.4467555,51.2917457],[4.4468593,51.2917751],[4.4469294,51.2916784]]}},{"type":"Feature","id":"way/375666991","properties":{"layer":"building"},"geometry":{"type":"LineString","coordinates":[[4.4474257,51.2921363],[4.4473688,51.2922358],[4.447498,51.2922564],[4.4475467,51.2921629],[4.4474257,51.2921363]]}},{"type":"Feature","id":"way/375666992","properties":{"layer":"building"},"geometry":{"type":"LineString","coordinates":[[4.4470167,51.2918269],[4.4470852,51.2917163],[4.446995,51.2916945],[4.4469265,51.291805],[4.4470167,51.2918269]]}},{"type":"Feature","id":"way/375666994","properties":{"layer":"building"},"geometry":{"type":"LineString","coordinates":[[4.4476577,51.2921872],[4.447574,51.2921701],[4.4475219,51.2922667],[4.4476032,51.2922838],[4.4476577,51.2921872]]}},{"type":"Feature","id":"way/375666995","properties":{"layer":"building"},"geometry":{"type":"LineString","coordinates":[[4.447191,51.291742],[4.4470852,51.2917163],[4.4470167,51.2918269],[4.4470859,51.2918436],[4.4470999,51.2918211],[4.4471364,51.29183],[4.447191,51.291742]]}},{"type":"Feature","id":"way/375666996","properties":{"layer":"building"},"geometry":{"type":"LineString","coordinates":[[4.4460398,51.2912126],[4.4458048,51.2911418],[4.445724,51.2912468],[4.4459589,51.2913176],[4.4460398,51.2912126]]}},{"type":"Feature","id":"way/375666997","properties":{"layer":"building"},"geometry":{"type":"LineString","coordinates":[[4.4478488,51.2921848],[4.4476772,51.2921482],[4.4476577,51.2921872],[4.4476032,51.2922838],[4.4477748,51.2923205],[4.4478488,51.2921848]]}},{"type":"Feature","id":"way/375666998","properties":{"layer":"building"},"geometry":{"type":"LineString","coordinates":[[4.4472769,51.2918543],[4.4473353,51.2917603],[4.4472,51.2917275],[4.447191,51.291742],[4.4471364,51.29183],[4.4471184,51.291859],[4.4472537,51.2918918],[4.4472769,51.2918543]]}},{"type":"Feature","id":"way/375666999","properties":{"layer":"building"},"geometry":{"type":"LineString","coordinates":[[4.4481941,51.2924617],[4.448263,51.292335],[4.4481718,51.2923156],[4.448103,51.2924423],[4.4481941,51.2924617]]}},{"type":"Feature","id":"way/375667000","properties":{"layer":"building"},"geometry":{"type":"LineString","coordinates":[[4.4474668,51.2917921],[4.4473353,51.2917603],[4.4472769,51.2918543],[4.4474084,51.2918862],[4.4474668,51.2917921]]}},{"type":"Feature","id":"way/375667001","properties":{"layer":"building"},"geometry":{"type":"LineString","coordinates":[[4.4483616,51.2923559],[4.448263,51.292335],[4.4481941,51.2924617],[4.4482928,51.2924827],[4.4483616,51.2923559]]}},{"type":"Feature","id":"way/375667002","properties":{"layer":"building"},"geometry":{"type":"LineString","coordinates":[[4.4483887,51.2923596],[4.4483265,51.2924855],[4.4484425,51.292506],[4.4485106,51.2923851],[4.4483887,51.2923596]]}},{"type":"Feature","id":"way/375667003","properties":{"layer":"building"},"geometry":{"type":"LineString","coordinates":[[4.4477176,51.2917802],[4.4475784,51.2917516],[4.4475017,51.2918979],[4.447641,51.2919264],[4.4477176,51.2917802]]}},{"type":"Feature","id":"way/375667004","properties":{"layer":"building"},"geometry":{"type":"LineString","coordinates":[[4.4485333,51.2925512],[4.448607,51.2924025],[4.4485283,51.2923873],[4.4484418,51.2925618],[4.4484848,51.2925702],[4.4484977,51.2925443],[4.4485333,51.2925512]]}},{"type":"Feature","id":"way/375667005","properties":{"layer":"building"},"geometry":{"type":"LineString","coordinates":[[4.4480151,51.2918167],[4.4478962,51.291783],[4.4478325,51.2918707],[4.4479515,51.2919045],[4.4480151,51.2918167]]}},{"type":"Feature","id":"way/375667006","properties":{"layer":"building"},"geometry":{"type":"LineString","coordinates":[[4.4453949,51.2917982],[4.4454952,51.2916623],[4.4453062,51.2916077],[4.4452059,51.2917436],[4.4453949,51.2917982]]}},{"type":"Feature","id":"way/375667007","properties":{"layer":"building"},"geometry":{"type":"LineString","coordinates":[[4.4486926,51.2924191],[4.448607,51.2924025],[4.4485333,51.2925512],[4.4486189,51.2925678],[4.4486926,51.2924191]]}},{"type":"Feature","id":"way/375667008","properties":{"layer":"building"},"geometry":{"type":"LineString","coordinates":[[4.4482503,51.2918972],[4.4481282,51.2918655],[4.4480608,51.2919671],[4.4481829,51.2919988],[4.4482503,51.2918972]]}},{"type":"Feature","id":"way/375667009","properties":{"layer":"building"},"geometry":{"type":"LineString","coordinates":[[4.4488284,51.292436],[4.4487167,51.2924148],[4.4486642,51.2925233],[4.448776,51.2925444],[4.4488284,51.292436]]}},{"type":"Feature","id":"way/375667010","properties":{"layer":"building"},"geometry":{"type":"LineString","coordinates":[[4.4486191,51.2919627],[4.4485221,51.2919414],[4.4485043,51.2919732],[4.4484661,51.2919648],[4.4484558,51.2919832],[4.4483442,51.2919588],[4.4482956,51.2920457],[4.448449,51.2920793],[4.4484427,51.2920906],[4.448536,51.2921111],[4.4486191,51.2919627]]}},{"type":"Feature","id":"way/375667011","properties":{"layer":"building"},"geometry":{"type":"LineString","coordinates":[[4.4489604,51.2924582],[4.4490167,51.2923475],[4.4489135,51.2923269],[4.4488572,51.2924376],[4.4489604,51.2924582]]}},{"type":"Feature","id":"way/375667012","properties":{"layer":"building"},"geometry":{"type":"LineString","coordinates":[[4.4489158,51.292105],[4.4486794,51.2920448],[4.4486372,51.2921096],[4.4487375,51.2921351],[4.4487261,51.2921526],[4.4488622,51.2921873],[4.4489158,51.292105]]}},{"type":"Feature","id":"way/375667013","properties":{"layer":"building"},"geometry":{"type":"LineString","coordinates":[[4.4491596,51.2923759],[4.4490167,51.2923475],[4.4489604,51.2924582],[4.4491033,51.2924866],[4.4491596,51.2923759]]}},{"type":"Feature","id":"way/375667014","properties":{"layer":"building"},"geometry":{"type":"LineString","coordinates":[[4.4492947,51.2921145],[4.4492172,51.2920983],[4.4491946,51.2921404],[4.4491027,51.2921211],[4.4490591,51.2922024],[4.4492284,51.2922379],[4.4492947,51.2921145]]}},{"type":"Feature","id":"way/375667015","properties":{"layer":"building"},"geometry":{"type":"LineString","coordinates":[[4.4495343,51.2921866],[4.4493576,51.2921492],[4.4493136,51.2922305],[4.4494903,51.2922679],[4.4495343,51.2921866]]}},{"type":"Feature","id":"way/375667016","properties":{"layer":"building"},"geometry":{"type":"LineString","coordinates":[[4.445724,51.2912468],[4.4456438,51.2913509],[4.4458787,51.2914217],[4.4459589,51.2913176],[4.445724,51.2912468]]}},{"type":"Feature","id":"way/375667017","properties":{"layer":"building"},"geometry":{"type":"LineString","coordinates":[[4.4499266,51.2927388],[4.4499906,51.2926227],[4.4498824,51.2925993],[4.4498183,51.2927154],[4.4499266,51.2927388]]}},{"type":"Feature","id":"way/375667018","properties":{"layer":"building"},"geometry":{"type":"LineString","coordinates":[[4.4501036,51.292647],[4.4499906,51.2926227],[4.4499266,51.2927388],[4.4500396,51.2927631],[4.4501036,51.292647]]}},{"type":"Feature","id":"way/375667019","properties":{"layer":"building"},"geometry":{"type":"LineString","coordinates":[[4.4498383,51.2923304],[4.449568,51.2922752],[4.4495218,51.2923636],[4.449792,51.2924188],[4.4498383,51.2923304]]}},{"type":"Feature","id":"way/375667020","properties":{"layer":"building"},"geometry":{"type":"LineString","coordinates":[[4.4502613,51.2927451],[4.4503083,51.2926641],[4.4501977,51.292639],[4.4501507,51.29272],[4.4502613,51.2927451]]}},{"type":"Feature","id":"way/375667021","properties":{"layer":"building"},"geometry":{"type":"LineString","coordinates":[[4.4456818,51.2917161],[4.4454952,51.2916623],[4.4453949,51.2917982],[4.4455815,51.2918521],[4.4456818,51.2917161]]}},{"type":"Feature","id":"way/375667022","properties":{"layer":"building"},"geometry":{"type":"LineString","coordinates":[[4.4504408,51.2926941],[4.4503083,51.2926641],[4.4502613,51.2927451],[4.4503938,51.2927752],[4.4504408,51.2926941]]}},{"type":"Feature","id":"way/375667023","properties":{"layer":"building"},"geometry":{"type":"LineString","coordinates":[[4.4458787,51.2914217],[4.4456438,51.2913509],[4.4455658,51.2914521],[4.4458008,51.2915229],[4.4458787,51.2914217]]}},{"type":"Feature","id":"way/375667024","properties":{"layer":"building"},"geometry":{"type":"LineString","coordinates":[[4.4457633,51.2919045],[4.4458636,51.2917686],[4.4456818,51.2917161],[4.4455815,51.2918521],[4.4457633,51.2919045]]}},{"type":"Feature","id":"way/375667025","properties":{"layer":"building"},"geometry":{"type":"LineString","coordinates":[[4.4460215,51.2915863],[4.4460732,51.2915044],[4.4459834,51.2914822],[4.4459318,51.2915641],[4.4460215,51.2915863]]}},{"type":"Feature","id":"way/375667946","properties":{"layer":"building"},"geometry":{"type":"LineString","coordinates":[[4.4448981,51.2915086],[4.4448736,51.2915468],[4.4449348,51.2915621],[4.4449593,51.2915239],[4.4448981,51.2915086]]}},{"type":"Feature","id":"way/375668078","properties":{"layer":"building"},"geometry":{"type":"LineString","coordinates":[[4.4493209,51.2924773],[4.4492446,51.2924621],[4.4491872,51.2925744],[4.4492635,51.2925896],[4.4493209,51.2924773]]}},{"type":"Feature","id":"way/375668079","properties":{"layer":"building"},"geometry":{"type":"LineString","coordinates":[[4.4493972,51.2924926],[4.4493209,51.2924773],[4.4492635,51.2925896],[4.4493398,51.2926048],[4.4493972,51.2924926]]}},{"type":"Feature","id":"way/375668084","properties":{"layer":"building"},"geometry":{"type":"LineString","coordinates":[[4.4494734,51.2925078],[4.4493972,51.2924926],[4.4493398,51.2926048],[4.449416,51.2926201],[4.4494734,51.2925078]]}},{"type":"Feature","id":"way/375668086","properties":{"layer":"building"},"geometry":{"type":"LineString","coordinates":[[4.4495497,51.2925231],[4.4494734,51.2925078],[4.449416,51.2926201],[4.4494923,51.2926353],[4.4495497,51.2925231]]}},{"type":"Feature","id":"way/375668087","properties":{"layer":"building"},"geometry":{"type":"LineString","coordinates":[[4.4496259,51.2925383],[4.4495497,51.2925231],[4.4494923,51.2926353],[4.4495685,51.2926506],[4.4496259,51.2925383]]}},{"type":"Feature","id":"way/375668088","properties":{"layer":"building"},"geometry":{"type":"LineString","coordinates":[[4.4497022,51.2925536],[4.4496259,51.2925383],[4.4495685,51.2926506],[4.4496448,51.2926658],[4.4497022,51.2925536]]}},{"type":"Feature","id":"way/375668089","properties":{"layer":"building"},"geometry":{"type":"LineString","coordinates":[[4.4497784,51.2925688],[4.4497022,51.2925536],[4.4496448,51.2926658],[4.449721,51.2926811],[4.4497784,51.2925688]]}},{"type":"Feature","id":"way/375669880","properties":{"layer":"building"},"geometry":{"type":"LineString","coordinates":[[4.4461187,51.2898327],[4.4460444,51.2899495],[4.4461609,51.2899785],[4.4462352,51.2898617],[4.4461187,51.2898327]]}},{"type":"Feature","id":"way/375669881","properties":{"layer":"building"},"geometry":{"type":"LineString","coordinates":[[4.4465571,51.2905578],[4.4466481,51.2904127],[4.4465582,51.2903907],[4.4464672,51.2905358],[4.4465571,51.2905578]]}},{"type":"Feature","id":"way/375669882","properties":{"layer":"building"},"geometry":{"type":"LineString","coordinates":[[4.4467267,51.290432],[4.4466481,51.2904127],[4.4465571,51.2905578],[4.4466357,51.2905771],[4.4467267,51.290432]]}},{"type":"Feature","id":"way/375669884","properties":{"layer":"building"},"geometry":{"type":"LineString","coordinates":[[4.4467961,51.2906428],[4.4468453,51.290537],[4.44675,51.2905197],[4.4467008,51.2906255],[4.4467961,51.2906428]]}},{"type":"Feature","id":"way/375669885","properties":{"layer":"building"},"geometry":{"type":"LineString","coordinates":[[4.4475157,51.290286],[4.4474487,51.2902556],[4.4474082,51.2902904],[4.4473731,51.2902745],[4.4474137,51.2902395],[4.4473624,51.2902162],[4.4472267,51.2903331],[4.4473801,51.2904028],[4.4475157,51.290286]]}},{"type":"Feature","id":"way/375669886","properties":{"layer":"building"},"geometry":{"type":"LineString","coordinates":[[4.4469301,51.2905525],[4.4468453,51.290537],[4.4467961,51.2906428],[4.4468809,51.2906582],[4.4469301,51.2905525]]}},{"type":"Feature","id":"way/375669888","properties":{"layer":"building"},"geometry":{"type":"LineString","coordinates":[[4.4477115,51.2903871],[4.4476082,51.2903433],[4.4474709,51.2904701],[4.4475742,51.2905138],[4.4477115,51.2903871]]}},{"type":"Feature","id":"way/375669889","properties":{"layer":"building"},"geometry":{"type":"LineString","coordinates":[[4.4471776,51.2906856],[4.4470444,51.2906469],[4.447,51.2907067],[4.4469418,51.2906898],[4.4468826,51.2907695],[4.447074,51.2908251],[4.4471776,51.2906856]]}},{"type":"Feature","id":"way/375669890","properties":{"layer":"building"},"geometry":{"type":"LineString","coordinates":[[4.447913,51.290492],[4.4478071,51.2904483],[4.4477823,51.2904718],[4.4477509,51.2904588],[4.4476852,51.2905211],[4.4477187,51.2905349],[4.4476827,51.2905691],[4.4477866,51.2906119],[4.447913,51.290492]]}},{"type":"Feature","id":"way/375669892","properties":{"layer":"building"},"geometry":{"type":"LineString","coordinates":[[4.4461687,51.2903398],[4.4462243,51.2902653],[4.4461433,51.2902416],[4.4460877,51.2903161],[4.4461687,51.2903398]]}},{"type":"Feature","id":"way/375669893","properties":{"layer":"building"},"geometry":{"type":"LineString","coordinates":[[4.447434,51.2909958],[4.4472506,51.2909428],[4.4471874,51.2910283],[4.4473708,51.2910813],[4.447434,51.2909958]]}},{"type":"Feature","id":"way/375669894","properties":{"layer":"building"},"geometry":{"type":"LineString","coordinates":[[4.4479453,51.2907057],[4.4480227,51.2906287],[4.4479241,51.29059],[4.4478468,51.290667],[4.4479453,51.2907057]]}},{"type":"Feature","id":"way/375669896","properties":{"layer":"building"},"geometry":{"type":"LineString","coordinates":[[4.4477369,51.2911932],[4.4477668,51.2911549],[4.4476875,51.2911307],[4.4477274,51.2910795],[4.4476549,51.2910574],[4.4476333,51.291085],[4.4475642,51.291064],[4.4475159,51.2911258],[4.4477369,51.2911932]]}},{"type":"Feature","id":"way/375669897","properties":{"layer":"building"},"geometry":{"type":"LineString","coordinates":[[4.4480929,51.2906563],[4.4480227,51.2906287],[4.4479453,51.2907057],[4.4480155,51.2907333],[4.4480929,51.2906563]]}},{"type":"Feature","id":"way/375669899","properties":{"layer":"building"},"geometry":{"type":"LineString","coordinates":[[4.4482015,51.2912762],[4.4480196,51.2912319],[4.4479668,51.2913166],[4.4481487,51.2913609],[4.4482015,51.2912762]]}},{"type":"Feature","id":"way/375669900","properties":{"layer":"building"},"geometry":{"type":"LineString","coordinates":[[4.4483416,51.2906934],[4.4482343,51.2906588],[4.4481265,51.2907897],[4.4482324,51.2908238],[4.4482657,51.2907835],[4.4483184,51.2908005],[4.4484457,51.2906459],[4.4483944,51.2906294],[4.4483416,51.2906934]]}},{"type":"Feature","id":"way/375669901","properties":{"layer":"building"},"geometry":{"type":"LineString","coordinates":[[4.4484567,51.2913421],[4.448329,51.2913044],[4.44826,51.2913959],[4.4482984,51.2914073],[4.4482654,51.2914509],[4.4483547,51.2914772],[4.4484567,51.2913421]]}},{"type":"Feature","id":"way/375669902","properties":{"layer":"building"},"geometry":{"type":"LineString","coordinates":[[4.4485592,51.2907912],[4.448445,51.2907547],[4.4483382,51.2908856],[4.4484525,51.290922],[4.4485592,51.2907912]]}},{"type":"Feature","id":"way/375669904","properties":{"layer":"building"},"geometry":{"type":"LineString","coordinates":[[4.4486314,51.2913919],[4.4484881,51.2913543],[4.4484374,51.2914299],[4.4485807,51.2914675],[4.4486314,51.2913919]]}},{"type":"Feature","id":"way/375669905","properties":{"layer":"building"},"geometry":{"type":"LineString","coordinates":[[4.4488668,51.2909082],[4.4486216,51.2908332],[4.4485283,51.2909524],[4.448721,51.2910113],[4.4487563,51.2909662],[4.4488088,51.2909822],[4.4488668,51.2909082]]}},{"type":"Feature","id":"way/375669906","properties":{"layer":"building"},"geometry":{"type":"LineString","coordinates":[[4.4489019,51.2915772],[4.4489522,51.2915208],[4.4488716,51.2914926],[4.4488216,51.2914752],[4.448849,51.2914445],[4.4487521,51.2914107],[4.4486744,51.2914977],[4.4489019,51.2915772]]}},{"type":"Feature","id":"way/375669909","properties":{"layer":"building"},"geometry":{"type":"LineString","coordinates":[[4.4490288,51.2910016],[4.4488697,51.2909553],[4.4488116,51.2910333],[4.4489707,51.2910797],[4.4490288,51.2910016]]}},{"type":"Feature","id":"way/375669911","properties":{"layer":"building"},"geometry":{"type":"LineString","coordinates":[[4.4493906,51.2916353],[4.4491825,51.2915611],[4.4490991,51.2916525],[4.4493072,51.2917267],[4.4493906,51.2916353]]}},{"type":"Feature","id":"way/375669912","properties":{"layer":"building"},"geometry":{"type":"LineString","coordinates":[[4.4492429,51.2910483],[4.4491989,51.2910342],[4.4491649,51.2910756],[4.4490886,51.2910511],[4.4490211,51.2911334],[4.4491413,51.291172],[4.4492429,51.2910483]]}},{"type":"Feature","id":"way/375669913","properties":{"layer":"building"},"geometry":{"type":"LineString","coordinates":[[4.44955,51.2916901],[4.449449,51.2916692],[4.4494052,51.2917519],[4.4493608,51.2917428],[4.4493363,51.2917891],[4.4494817,51.2918192],[4.44955,51.2916901]]}},{"type":"Feature","id":"way/375669915","properties":{"layer":"building"},"geometry":{"type":"LineString","coordinates":[[4.4493113,51.2912123],[4.4494006,51.2911074],[4.4492928,51.2910715],[4.4492034,51.2911764],[4.4493113,51.2912123]]}},{"type":"Feature","id":"way/375669916","properties":{"layer":"building"},"geometry":{"type":"LineString","coordinates":[[4.449731,51.2918497],[4.4495571,51.2918135],[4.4495023,51.2919167],[4.449602,51.2919374],[4.4495784,51.2919818],[4.4496526,51.2919972],[4.449731,51.2918497]]}},{"type":"Feature","id":"way/375669918","properties":{"layer":"building"},"geometry":{"type":"LineString","coordinates":[[4.4495126,51.2911447],[4.4494006,51.2911074],[4.4493113,51.2912123],[4.4494233,51.2912496],[4.4495126,51.2911447]]}},{"type":"Feature","id":"way/375669919","properties":{"layer":"building"},"geometry":{"type":"LineString","coordinates":[[4.4500206,51.2907021],[4.4501885,51.2905385],[4.4501014,51.2905036],[4.4499336,51.2906671],[4.4500206,51.2907021]]}},{"type":"Feature","id":"way/375669920","properties":{"layer":"building"},"geometry":{"type":"LineString","coordinates":[[4.4462936,51.2902855],[4.4462243,51.2902653],[4.4461687,51.2903398],[4.4462381,51.29036],[4.4462936,51.2902855]]}},{"type":"Feature","id":"way/375669921","properties":{"layer":"building"},"geometry":{"type":"LineString","coordinates":[[4.450307,51.2905861],[4.4501885,51.2905385],[4.4500206,51.2907021],[4.4501392,51.2907496],[4.450307,51.2905861]]}},{"type":"Feature","id":"way/375669922","properties":{"layer":"building"},"geometry":{"type":"LineString","coordinates":[[4.449627,51.2912466],[4.4495729,51.2912276],[4.4494985,51.2913105],[4.4496006,51.2913463],[4.4496581,51.2912823],[4.44961,51.2912655],[4.449627,51.2912466]]}},{"type":"Feature","id":"way/375669923","properties":{"layer":"building"},"geometry":{"type":"LineString","coordinates":[[4.4499267,51.2912946],[4.4497976,51.2912449],[4.4496581,51.2913867],[4.4497872,51.2914364],[4.4499267,51.2912946]]}},{"type":"Feature","id":"way/375669924","properties":{"layer":"building"},"geometry":{"type":"LineString","coordinates":[[4.4501643,51.2914568],[4.4500367,51.2914089],[4.449919,51.2915316],[4.4500466,51.2915795],[4.4501643,51.2914568]]}},{"type":"Feature","id":"way/375669925","properties":{"layer":"building"},"geometry":{"type":"LineString","coordinates":[[4.4504345,51.2916217],[4.4502994,51.2915658],[4.450184,51.291675],[4.4503191,51.2917309],[4.4504345,51.2916217]]}},{"type":"Feature","id":"way/375669926","properties":{"layer":"building"},"geometry":{"type":"LineString","coordinates":[[4.4466359,51.2898333],[4.4465563,51.289788],[4.4465158,51.2898158],[4.4464528,51.2897799],[4.4463979,51.2898177],[4.4464325,51.2898374],[4.4463763,51.2898761],[4.4464482,51.2899169],[4.4465027,51.2898795],[4.4465388,51.2899],[4.4466359,51.2898333]]}},{"type":"Feature","id":"way/375669927","properties":{"layer":"building"},"geometry":{"type":"LineString","coordinates":[[4.4513388,51.2914374],[4.4512076,51.2914153],[4.4511606,51.2915241],[4.4508743,51.2914757],[4.450836,51.2915671],[4.4506817,51.291526],[4.4506429,51.2916004],[4.4508107,51.2916535],[4.4508428,51.2915945],[4.451242,51.2916613],[4.4513388,51.2914374]]}},{"type":"Feature","id":"way/375669928","properties":{"layer":"building"},"geometry":{"type":"LineString","coordinates":[[4.450781,51.2921764],[4.4507048,51.2920919],[4.4505416,51.2921495],[4.4506179,51.292234],[4.450781,51.2921764]]}},{"type":"Feature","id":"way/375669929","properties":{"layer":"building"},"geometry":{"type":"LineString","coordinates":[[4.4509314,51.2922773],[4.4507636,51.2922159],[4.4506823,51.2923029],[4.4508501,51.2923642],[4.4509314,51.2922773]]}},{"type":"Feature","id":"way/375669930","properties":{"layer":"building"},"geometry":{"type":"LineString","coordinates":[[4.4463761,51.2904022],[4.44645,51.2902769],[4.4463705,51.2902585],[4.4462966,51.2903838],[4.4463761,51.2904022]]}},{"type":"Feature","id":"way/375669931","properties":{"layer":"building"},"geometry":{"type":"LineString","coordinates":[[4.4467698,51.2899646],[4.4465202,51.2899925],[4.4465517,51.2901026],[4.4468013,51.2900747],[4.4467698,51.2899646]]}},{"type":"Feature","id":"way/375669932","properties":{"layer":"building"},"geometry":{"type":"LineString","coordinates":[[4.4465248,51.2902942],[4.44645,51.2902769],[4.4463761,51.2904022],[4.4464508,51.2904195],[4.4465248,51.2902942]]}},{"type":"Feature","id":"way/375680192","properties":{"layer":"building"},"geometry":{"type":"LineString","coordinates":[[4.4518294,51.2879854],[4.4517436,51.2879002],[4.4516101,51.2879528],[4.4516959,51.288038],[4.4518294,51.2879854]]}},{"type":"Feature","id":"way/375680194","properties":{"layer":"building"},"geometry":{"type":"LineString","coordinates":[[4.4518899,51.2880443],[4.4517456,51.2881006],[4.4518516,51.2882069],[4.4519959,51.2881506],[4.4518899,51.2880443]]}},{"type":"Feature","id":"way/375685350","properties":{"layer":"building"},"geometry":{"type":"LineString","coordinates":[[4.4481769,51.2926514],[4.4479496,51.2926036],[4.4479075,51.292682],[4.4481348,51.2927298],[4.4481769,51.2926514]]}},{"type":"Feature","id":"way/375685351","properties":{"layer":"building"},"geometry":{"type":"LineString","coordinates":[[4.447201,51.2933739],[4.4470607,51.2933491],[4.4470149,51.2934507],[4.4471552,51.2934754],[4.447201,51.2933739]]}},{"type":"Feature","id":"way/375685352","properties":{"layer":"building"},"geometry":{"type":"LineString","coordinates":[[4.4477567,51.2933751],[4.447581,51.2933417],[4.4475479,51.2934097],[4.4477236,51.2934432],[4.4477567,51.2933751]]}},{"type":"Feature","id":"way/375685353","properties":{"layer":"building"},"geometry":{"type":"LineString","coordinates":[[4.4475479,51.2934097],[4.4475097,51.2934883],[4.4476854,51.2935218],[4.4477236,51.2934432],[4.4475479,51.2934097]]}},{"type":"Feature","id":"way/375685354","properties":{"layer":"building"},"geometry":{"type":"LineString","coordinates":[[4.4473232,51.293104],[4.4472008,51.2930827],[4.4471359,51.2932284],[4.4472583,51.2932497],[4.4473232,51.293104]]}},{"type":"Feature","id":"way/375685355","properties":{"layer":"building"},"geometry":{"type":"LineString","coordinates":[[4.4475562,51.2935495],[4.4474034,51.2935184],[4.4473698,51.2935832],[4.4475226,51.2936142],[4.4475562,51.2935495]]}},{"type":"Feature","id":"way/375685356","properties":{"layer":"building"},"geometry":{"type":"LineString","coordinates":[[4.4474895,51.292812],[4.4473844,51.2927904],[4.4473236,51.292906],[4.4472735,51.2928957],[4.4472165,51.2930041],[4.4473717,51.293036],[4.4474895,51.292812]]}},{"type":"Feature","id":"way/375685357","properties":{"layer":"building"},"geometry":{"type":"LineString","coordinates":[[4.4473698,51.2935832],[4.4473359,51.2936484],[4.4474886,51.2936795],[4.4475226,51.2936142],[4.4473698,51.2935832]]}},{"type":"Feature","id":"way/375685358","properties":{"layer":"building"},"geometry":{"type":"LineString","coordinates":[[4.4475791,51.2926335],[4.4474352,51.2926039],[4.4473856,51.2926982],[4.4475295,51.2927278],[4.4475791,51.2926335]]}},{"type":"Feature","id":"way/375685359","properties":{"layer":"building"},"geometry":{"type":"LineString","coordinates":[[4.4474886,51.2936795],[4.4473359,51.2936484],[4.4473047,51.2937085],[4.4474574,51.2937395],[4.4474886,51.2936795]]}},{"type":"Feature","id":"way/375685360","properties":{"layer":"building"},"geometry":{"type":"LineString","coordinates":[[4.4479075,51.292682],[4.4478728,51.2927465],[4.4481001,51.2927942],[4.4481348,51.2927298],[4.4479075,51.292682]]}},{"type":"Feature","id":"way/375685361","properties":{"layer":"building"},"geometry":{"type":"LineString","coordinates":[[4.4481001,51.2927942],[4.4478728,51.2927465],[4.4478232,51.2928388],[4.4480562,51.2928555],[4.4481001,51.2927942]]}},{"type":"Feature","id":"way/375685362","properties":{"layer":"building"},"geometry":{"type":"LineString","coordinates":[[4.4471017,51.2937226],[4.4469427,51.293691],[4.4468873,51.2937996],[4.4470463,51.2938313],[4.4471017,51.2937226]]}},{"type":"Feature","id":"way/375685363","properties":{"layer":"building","name":"sporthal Mariaburg"},"geometry":{"type":"LineString","coordinates":[[4.4485449,51.292929],[4.4478392,51.2928594],[4.4477851,51.2930813],[4.4478973,51.2930922],[4.4478782,51.2931266],[4.4480865,51.2931736],[4.4481131,51.2931796],[4.4481401,51.2931856],[4.4483492,51.2932328],[4.4483911,51.2931601],[4.4484867,51.2931683],[4.4485449,51.292929]]}},{"type":"Feature","id":"way/375685364","properties":{"layer":"building"},"geometry":{"type":"LineString","coordinates":[[4.4494629,51.2930814],[4.4491675,51.2930214],[4.448965,51.2934116],[4.4492603,51.2934715],[4.4494629,51.2930814]]}},{"type":"Feature","id":"way/375685365","properties":{"layer":"building"},"geometry":{"type":"LineString","coordinates":[[4.4471381,51.2935141],[4.4468878,51.2934702],[4.4468654,51.29352],[4.4469168,51.2935291],[4.4469053,51.2935546],[4.4471042,51.2935895],[4.4471381,51.2935141]]}},{"type":"Feature","id":"way/375685689","properties":{"layer":"building"},"geometry":{"type":"LineString","coordinates":[[4.4485444,51.2934573],[4.4486406,51.293479],[4.4487086,51.2933613],[4.4486124,51.2933395],[4.4485444,51.2934573]]}},{"type":"Feature","id":"way/375685690","properties":{"layer":"building"},"geometry":{"type":"LineString","coordinates":[[4.4486406,51.293479],[4.4487369,51.2935008],[4.4488049,51.293383],[4.4487086,51.2933613],[4.4486406,51.293479]]}},{"type":"Feature","id":"way/375685691","properties":{"layer":"building"},"geometry":{"type":"LineString","coordinates":[[4.4487369,51.2935008],[4.4488331,51.2935225],[4.4489011,51.2934047],[4.4488049,51.293383],[4.4487369,51.2935008]]}},{"type":"Feature","id":"way/375685692","properties":{"layer":"building"},"geometry":{"type":"LineString","coordinates":[[4.4488331,51.2935225],[4.4489294,51.2935442],[4.4489973,51.2934264],[4.4489011,51.2934047],[4.4488331,51.2935225]]}},{"type":"Feature","id":"way/375685693","properties":{"layer":"building"},"geometry":{"type":"LineString","coordinates":[[4.4489294,51.2935442],[4.4490256,51.2935659],[4.4490936,51.2934482],[4.4489973,51.2934264],[4.4489294,51.2935442]]}},{"type":"Feature","id":"way/375685694","properties":{"layer":"building"},"geometry":{"type":"LineString","coordinates":[[4.4481594,51.2933704],[4.4482556,51.2933921],[4.4483236,51.2932743],[4.4482274,51.2932526],[4.4481594,51.2933704]]}},{"type":"Feature","id":"way/375685695","properties":{"layer":"building"},"geometry":{"type":"LineString","coordinates":[[4.4490256,51.2935659],[4.4491218,51.2935877],[4.4491898,51.2934699],[4.4490936,51.2934482],[4.4490256,51.2935659]]}},{"type":"Feature","id":"way/375685696","properties":{"layer":"building"},"geometry":{"type":"LineString","coordinates":[[4.4491218,51.2935877],[4.4492181,51.2936094],[4.4492861,51.2934916],[4.4491898,51.2934699],[4.4491218,51.2935877]]}},{"type":"Feature","id":"way/375685697","properties":{"layer":"building"},"geometry":{"type":"LineString","coordinates":[[4.4492181,51.2936094],[4.4493143,51.2936311],[4.4493823,51.2935134],[4.4492861,51.2934916],[4.4492181,51.2936094]]}},{"type":"Feature","id":"way/375685698","properties":{"layer":"building"},"geometry":{"type":"LineString","coordinates":[[4.4493143,51.2936311],[4.4494106,51.2936529],[4.4494786,51.2935351],[4.4493823,51.2935134],[4.4493143,51.2936311]]}},{"type":"Feature","id":"way/375685699","properties":{"layer":"building"},"geometry":{"type":"LineString","coordinates":[[4.4494106,51.2936529],[4.4495068,51.2936746],[4.4495748,51.2935568],[4.4494786,51.2935351],[4.4494106,51.2936529]]}},{"type":"Feature","id":"way/375685700","properties":{"layer":"building"},"geometry":{"type":"LineString","coordinates":[[4.4495068,51.2936746],[4.4496031,51.2936963],[4.4496711,51.2935786],[4.4495748,51.2935568],[4.4495068,51.2936746]]}},{"type":"Feature","id":"way/375685701","properties":{"layer":"building"},"geometry":{"type":"LineString","coordinates":[[4.4496031,51.2936963],[4.4496993,51.2937181],[4.4497673,51.2936003],[4.4496711,51.2935786],[4.4496031,51.2936963]]}},{"type":"Feature","id":"way/375685702","properties":{"layer":"building"},"geometry":{"type":"LineString","coordinates":[[4.4498274,51.2935518],[4.4498776,51.2934793],[4.4496296,51.2934121],[4.4495794,51.2934846],[4.4498274,51.2935518]]}},{"type":"Feature","id":"way/375685703","properties":{"layer":"building"},"geometry":{"type":"LineString","coordinates":[[4.4498776,51.2934793],[4.4499279,51.2934069],[4.4496799,51.2933396],[4.4496296,51.2934121],[4.4498776,51.2934793]]}},{"type":"Feature","id":"way/375685704","properties":{"layer":"building"},"geometry":{"type":"LineString","coordinates":[[4.4499279,51.2934069],[4.4499781,51.2933344],[4.4497301,51.2932671],[4.4496799,51.2933396],[4.4499279,51.2934069]]}},{"type":"Feature","id":"way/375685705","properties":{"layer":"building"},"geometry":{"type":"LineString","coordinates":[[4.4482556,51.2933921],[4.4483519,51.2934138],[4.4484199,51.2932961],[4.4483236,51.2932743],[4.4482556,51.2933921]]}},{"type":"Feature","id":"way/375685706","properties":{"layer":"building"},"geometry":{"type":"LineString","coordinates":[[4.4499781,51.2933344],[4.4500284,51.2932619],[4.4497804,51.2931947],[4.4497301,51.2932671],[4.4499781,51.2933344]]}},{"type":"Feature","id":"way/375685707","properties":{"layer":"building"},"geometry":{"type":"LineString","coordinates":[[4.4483519,51.2934138],[4.4484481,51.2934356],[4.4485161,51.2933178],[4.4484199,51.2932961],[4.4483519,51.2934138]]}},{"type":"Feature","id":"way/375685708","properties":{"layer":"building"},"geometry":{"type":"LineString","coordinates":[[4.4484481,51.2934356],[4.4485444,51.2934573],[4.4486124,51.2933395],[4.4485161,51.2933178],[4.4484481,51.2934356]]}},{"type":"Feature","id":"way/375685709","properties":{"layer":"road","name":"Molenveld","highway":"residential"},"geometry":{"type":"LineString","coordinates":[[4.4474335,51.2932367],[4.4475337,51.2932596],[4.4496082,51.2937325],[4.4497952,51.2937713],[4.4502836,51.2930541]]}},{"type":"Feature","id":"way/375686007","properties":{"layer":"building"},"geometry":{"type":"LineString","coordinates":[[4.4522335,51.2936771],[4.4520751,51.2936098],[4.451987,51.2936909],[4.4521455,51.2937581],[4.4522335,51.2936771]]}},{"type":"Feature","id":"way/375691009","properties":{"layer":"building"},"geometry":{"type":"LineString","coordinates":[[4.4480178,51.2944755],[4.4479863,51.2945361],[4.4481246,51.2945642],[4.4481561,51.2945037],[4.4480178,51.2944755]]}},{"type":"Feature","id":"way/375691014","properties":{"layer":"building"},"geometry":{"type":"LineString","coordinates":[[4.4481926,51.2944336],[4.4480543,51.2944055],[4.4480178,51.2944755],[4.4481561,51.2945037],[4.4481926,51.2944336]]}},{"type":"Feature","id":"way/375692521","properties":{"layer":"building"},"geometry":{"type":"LineString","coordinates":[[4.4442528,51.2934765],[4.4443046,51.2934027],[4.4442355,51.2933837],[4.4441837,51.2934576],[4.4442528,51.2934765]]}},{"type":"Feature","id":"way/375692522","properties":{"layer":"building"},"geometry":{"type":"LineString","coordinates":[[4.444311,51.2931521],[4.4442269,51.2931307],[4.4441708,51.2932169],[4.4442549,51.2932383],[4.444311,51.2931521]]}},{"type":"Feature","id":"way/375692523","properties":{"layer":"building"},"geometry":{"type":"LineString","coordinates":[[4.4445778,51.2934777],[4.4443046,51.2934027],[4.4442528,51.2934765],[4.4445259,51.2935516],[4.4445778,51.2934777]]}},{"type":"Feature","id":"way/375692524","properties":{"layer":"building"},"geometry":{"type":"LineString","coordinates":[[4.4443378,51.2931928],[4.444274,51.2932782],[4.4443569,51.2933024],[4.4444207,51.293217],[4.4443378,51.2931928]]}},{"type":"Feature","id":"way/375692525","properties":{"layer":"building"},"geometry":{"type":"LineString","coordinates":[[4.4443569,51.2933024],[4.4444414,51.2933271],[4.4445052,51.2932417],[4.4444207,51.293217],[4.4443569,51.2933024]]}},{"type":"Feature","id":"way/375692526","properties":{"layer":"building"},"geometry":{"type":"LineString","coordinates":[[4.4448211,51.2935469],[4.4446739,51.2935079],[4.4445861,51.2936373],[4.4446391,51.2936513],[4.4445655,51.2937599],[4.4446597,51.2937848],[4.4448211,51.2935469]]}},{"type":"Feature","id":"way/375692527","properties":{"layer":"building"},"geometry":{"type":"LineString","coordinates":[[4.4445052,51.2932417],[4.4444414,51.2933271],[4.444531,51.2933533],[4.4445949,51.2932679],[4.4445052,51.2932417]]}},{"type":"Feature","id":"way/375692528","properties":{"layer":"building"},"geometry":{"type":"LineString","coordinates":[[4.4449595,51.2937022],[4.445027,51.2936006],[4.4449301,51.2935754],[4.4448626,51.293677],[4.4449595,51.2937022]]}},{"type":"Feature","id":"way/375692529","properties":{"layer":"building"},"geometry":{"type":"LineString","coordinates":[[4.444531,51.2933533],[4.4446231,51.2933802],[4.4446869,51.2932948],[4.4445949,51.2932679],[4.444531,51.2933533]]}},{"type":"Feature","id":"way/375692530","properties":{"layer":"building"},"geometry":{"type":"LineString","coordinates":[[4.4451253,51.2936262],[4.445027,51.2936006],[4.4449595,51.2937022],[4.4450578,51.2937277],[4.4451253,51.2936262]]}},{"type":"Feature","id":"way/375692531","properties":{"layer":"building"},"geometry":{"type":"LineString","coordinates":[[4.4440711,51.2933385],[4.4439317,51.2933002],[4.4438798,51.2933741],[4.4440192,51.2934124],[4.4440711,51.2933385]]}},{"type":"Feature","id":"way/375692532","properties":{"layer":"building"},"geometry":{"type":"LineString","coordinates":[[4.4440984,51.2934341],[4.4441503,51.2933603],[4.4440711,51.2933385],[4.4440192,51.2934124],[4.4440984,51.2934341]]}},{"type":"Feature","id":"way/375692533","properties":{"layer":"building"},"geometry":{"type":"LineString","coordinates":[[4.4442355,51.2933837],[4.4441503,51.2933603],[4.4440984,51.2934341],[4.4441837,51.2934576],[4.4442355,51.2933837]]}},{"type":"Feature","id":"way/375692534","properties":{"layer":"building"},"geometry":{"type":"LineString","coordinates":[[4.4441708,51.2932169],[4.4442269,51.2931307],[4.4441501,51.2931111],[4.444094,51.2931973],[4.4441708,51.2932169]]}},{"type":"Feature","id":"way/375693183","properties":{"layer":"building"},"geometry":{"type":"LineString","coordinates":[[4.4446104,51.291816],[4.4445891,51.2918434],[4.4449003,51.2919819],[4.4449731,51.2919208],[4.4448955,51.2918887],[4.4448745,51.2919123],[4.4446954,51.2918417],[4.4446104,51.291816]]}},{"type":"Feature","id":"way/375693184","properties":{"layer":"building"},"geometry":{"type":"LineString","coordinates":[[4.445282,51.2919802],[4.4451712,51.2920715],[4.4452341,51.2921013],[4.4453448,51.2920101],[4.445282,51.2919802]]}},{"type":"Feature","id":"way/375693185","properties":{"layer":"building"},"geometry":{"type":"LineString","coordinates":[[4.445821,51.2925994],[4.4457244,51.2925897],[4.4457028,51.2926733],[4.4457994,51.2926831],[4.445821,51.2925994]]}},{"type":"Feature","id":"way/375693186","properties":{"layer":"building"},"geometry":{"type":"LineString","coordinates":[[4.4452341,51.2921013],[4.4452935,51.2921296],[4.4454043,51.2920383],[4.4453448,51.2920101],[4.4452341,51.2921013]]}},{"type":"Feature","id":"way/375693187","properties":{"layer":"building"},"geometry":{"type":"LineString","coordinates":[[4.4460466,51.2927608],[4.445848,51.2927169],[4.4458012,51.2927996],[4.4459997,51.2928436],[4.4460466,51.2927608]]}},{"type":"Feature","id":"way/375693188","properties":{"layer":"building"},"geometry":{"type":"LineString","coordinates":[[4.4456224,51.2921636],[4.4455326,51.2921236],[4.4454394,51.2922056],[4.4455292,51.2922455],[4.4456224,51.2921636]]}},{"type":"Feature","id":"way/375693189","properties":{"layer":"building"},"geometry":{"type":"LineString","coordinates":[[4.4460695,51.2929272],[4.4458872,51.2929019],[4.4458664,51.2929603],[4.4460488,51.2929856],[4.4460695,51.2929272]]}},{"type":"Feature","id":"way/375693190","properties":{"layer":"building"},"geometry":{"type":"LineString","coordinates":[[4.4458664,51.2929603],[4.4458467,51.2930156],[4.4460291,51.293041],[4.4460488,51.2929856],[4.4458664,51.2929603]]}},{"type":"Feature","id":"way/375693191","properties":{"layer":"building"},"geometry":{"type":"LineString","coordinates":[[4.4457075,51.2922041],[4.44559,51.2922725],[4.4456819,51.2923342],[4.4457994,51.2922658],[4.4457075,51.2922041]]}},{"type":"Feature","id":"way/375693192","properties":{"layer":"building"},"geometry":{"type":"LineString","coordinates":[[4.4460291,51.293041],[4.4458467,51.2930156],[4.4458264,51.293073],[4.4460087,51.2930983],[4.4460291,51.293041]]}},{"type":"Feature","id":"way/375693193","properties":{"layer":"building"},"geometry":{"type":"LineString","coordinates":[[4.4456819,51.2923342],[4.4457447,51.2923763],[4.4458621,51.2923079],[4.4457994,51.2922658],[4.4456819,51.2923342]]}},{"type":"Feature","id":"way/375693194","properties":{"layer":"building"},"geometry":{"type":"LineString","coordinates":[[4.4458621,51.2923079],[4.4457447,51.2923763],[4.4458046,51.2924166],[4.4459221,51.2923481],[4.4458621,51.2923079]]}},{"type":"Feature","id":"way/375693195","properties":{"layer":"building"},"geometry":{"type":"LineString","coordinates":[[4.4459901,51.2931596],[4.4458628,51.2931434],[4.4458562,51.2931637],[4.4457604,51.2931515],[4.4457508,51.2931809],[4.4459739,51.2932093],[4.4459901,51.2931596]]}},{"type":"Feature","id":"way/375693196","properties":{"layer":"building"},"geometry":{"type":"LineString","coordinates":[[4.4458046,51.2924166],[4.4458654,51.2924574],[4.4459829,51.292389],[4.4459221,51.2923481],[4.4458046,51.2924166]]}},{"type":"Feature","id":"way/375693197","properties":{"layer":"building"},"geometry":{"type":"LineString","coordinates":[[4.4457508,51.2931809],[4.4457412,51.2932105],[4.445833,51.2932222],[4.4458275,51.293239],[4.4459588,51.2932558],[4.4459739,51.2932093],[4.4457508,51.2931809]]}},{"type":"Feature","id":"way/375693198","properties":{"layer":"building"},"geometry":{"type":"LineString","coordinates":[[4.4459829,51.292389],[4.4458654,51.2924574],[4.4459259,51.292498],[4.4460434,51.2924296],[4.4459829,51.292389]]}},{"type":"Feature","id":"way/375693199","properties":{"layer":"building"},"geometry":{"type":"LineString","coordinates":[[4.4459259,51.292498],[4.4459716,51.2925287],[4.4460891,51.2924603],[4.4460434,51.2924296],[4.4459259,51.292498]]}},{"type":"Feature","id":"way/375693200","properties":{"layer":"building"},"geometry":{"type":"LineString","coordinates":[[4.446206,51.2925707],[4.446136,51.2925223],[4.4460374,51.2925781],[4.4461074,51.2926265],[4.446206,51.2925707]]}},{"type":"Feature","id":"way/375693201","properties":{"layer":"building"},"geometry":{"type":"LineString","coordinates":[[4.4462817,51.2924939],[4.446192,51.2926168],[4.446249,51.2926331],[4.4462917,51.2925745],[4.4463337,51.2925865],[4.4463807,51.2925221],[4.4462817,51.2924939]]}},{"type":"Feature","id":"way/375693202","properties":{"layer":"building"},"geometry":{"type":"LineString","coordinates":[[4.4462978,51.2927185],[4.4462384,51.2928672],[4.4463712,51.292888],[4.4464307,51.2927393],[4.4462978,51.2927185]]}},{"type":"Feature","id":"way/375693203","properties":{"layer":"building"},"geometry":{"type":"LineString","coordinates":[[4.446391,51.2929407],[4.4462618,51.2929191],[4.4462362,51.2929791],[4.4463654,51.2930007],[4.446391,51.2929407]]}},{"type":"Feature","id":"way/375693204","properties":{"layer":"building"},"geometry":{"type":"LineString","coordinates":[[4.4462362,51.2929791],[4.4462143,51.2930301],[4.4463435,51.2930517],[4.4463654,51.2930007],[4.4462362,51.2929791]]}},{"type":"Feature","id":"way/375693205","properties":{"layer":"building"},"geometry":{"type":"LineString","coordinates":[[4.4463435,51.2930517],[4.4462143,51.2930301],[4.446189,51.2930892],[4.4463182,51.2931108],[4.4463435,51.2930517]]}},{"type":"Feature","id":"way/375693206","properties":{"layer":"building"},"geometry":{"type":"LineString","coordinates":[[4.4449731,51.2919208],[4.4449003,51.2919819],[4.4449873,51.2920224],[4.4450601,51.2919613],[4.4449731,51.2919208]]}},{"type":"Feature","id":"way/375693208","properties":{"layer":"building"},"geometry":{"type":"LineString","coordinates":[[4.4462816,51.2932245],[4.4461541,51.2932031],[4.4461298,51.2932597],[4.4462573,51.2932811],[4.4462816,51.2932245]]}},{"type":"Feature","id":"way/375693209","properties":{"layer":"building"},"geometry":{"type":"LineString","coordinates":[[4.4461298,51.2932597],[4.4461079,51.2933107],[4.4462354,51.2933322],[4.4462573,51.2932811],[4.4461298,51.2932597]]}},{"type":"Feature","id":"way/375693210","properties":{"layer":"building"},"geometry":{"type":"LineString","coordinates":[[4.4462354,51.2933322],[4.4461079,51.2933107],[4.4460847,51.2933648],[4.4462122,51.2933862],[4.4462354,51.2933322]]}},{"type":"Feature","id":"way/375693211","properties":{"layer":"building"},"geometry":{"type":"LineString","coordinates":[[4.4460847,51.2933648],[4.4460608,51.2934203],[4.4461883,51.2934417],[4.4462122,51.2933862],[4.4460847,51.2933648]]}},{"type":"Feature","id":"way/375693212","properties":{"layer":"building"},"geometry":{"type":"LineString","coordinates":[[4.4449873,51.2920224],[4.4450672,51.2920596],[4.4450994,51.2920319],[4.4451271,51.2920424],[4.4451495,51.2920083],[4.4450601,51.2919613],[4.4449873,51.2920224]]}},{"type":"Feature","id":"way/375693213","properties":{"layer":"building"},"geometry":{"type":"LineString","coordinates":[[4.4452442,51.2918485],[4.444943,51.2917578],[4.4448876,51.2918313],[4.4451739,51.2919397],[4.4452442,51.2918485]]}},{"type":"Feature","id":"way/489797939","properties":{"layer":"road","highway":"service"},"geometry":{"type":"LineString","coordinates":[[4.4452956,51.2905518],[4.4454732,51.2906021],[4.4458867,51.2907193]]}},{"type":"Feature","id":"way/501617107","properties":{"layer":"building"},"geometry":{"type":"LineString","coordinates":[[4.4454232,51.2879879],[4.4455252,51.2880171],[4.4455433,51.2880223],[4.4455807,51.2879708],[4.4454606,51.2879364],[4.4454232,51.2879879]]}},{"type":"Feature","id":"way/744403411","properties":{"layer":"road","name":"Weerstandersstraat","highway":"residential"},"geometry":{"type":"LineString","coordinates":[[4.4390335,51.2886375],[4.436879,51.2878355],[4.4360323,51.287561],[4.4360021,51.2875437],[4.4359815,51.28753]]}},{"type":"Feature","id":"way/795906695","properties":{"layer":"road","name":"Schriek","highway":"tertiary"},"geometry":{"type":"LineString","coordinates":[[4.4369683,51.2904715],[4.4370712,51.2904515],[4.4371129,51.2904491],[4.4371703,51.2904588]]}},{"type":"Feature","id":"way/795909034","properties":{"layer":"road","name":"Schriek","highway":"tertiary"},"geometry":{"type":"LineString","coordinates":[[4.4371703,51.2904588],[4.4372026,51.290452]]}},{"type":"Feature","id":"way/795909037","properties":{"layer":"road","name":"Schriek","highway":"tertiary"},"geometry":{"type":"LineString","coordinates":[[4.4371703,51.2904588],[4.4371409,51.2904829],[4.4370823,51.290498],[4.4369227,51.2905291]]}},{"type":"Feature","id":"way/902218101","properties":{"layer":"road","highway":"service"},"geometry":{"type":"LineString","coordinates":[[4.439951,51.2904167],[4.439481,51.2903159]]}},{"type":"Feature","id":"way/902218102","properties":{"layer":"road","highway":"service"},"geometry":{"type":"LineString","coordinates":[[4.4399014,51.290505],[4.4405057,51.2906094]]}},{"type":"Feature","id":"way/902218103","properties":{"layer":"road","highway":"service"},"geometry":{"type":"LineString","coordinates":[[4.439624,51.290999],[4.4399014,51.290505],[4.439951,51.2904167],[4.440114,51.2901263]]}},{"type":"Feature","id":"way/962641862","properties":{"layer":"building"},"geometry":{"type":"LineString","coordinates":[[4.4481324,51.2931987],[4.4481401,51.2931856],[4.4480865,51.2931736],[4.4480787,51.2931866],[4.4481324,51.2931987]]}},{"type":"Feature","id":"way/1030351810","properties":{"layer":"building"},"geometry":{"type":"LineString","coordinates":[[4.4488952,51.2882544],[4.4488997,51.288195],[4.4491385,51.288202],[4.4491341,51.2882606],[4.4491015,51.2882597],[4.449099,51.2882929],[4.449051,51.2882915],[4.4490534,51.288259],[4.4488952,51.2882544]]}},{"type":"Feature","id":"way/1030351811","properties":{"layer":"building"},"geometry":{"type":"LineString","coordinates":[[4.4479833,51.2883934],[4.4480008,51.2883416],[4.4483012,51.2883815],[4.4482837,51.2884333],[4.4479833,51.2883934]]}},{"type":"Feature","id":"way/1030351812","properties":{"layer":"building"},"geometry":{"type":"LineString","coordinates":[[4.4476427,51.288352],[4.4476616,51.2883233],[4.4476743,51.2883277],[4.4477283,51.288255],[4.4477789,51.2882693],[4.4477073,51.2883704],[4.4476427,51.288352]]}},{"type":"Feature","id":"way/1030351813","properties":{"layer":"building"},"geometry":{"type":"LineString","coordinates":[[4.4474674,51.2880234],[4.4475866,51.2878607],[4.4478137,51.2879254],[4.4477287,51.2880428],[4.4477369,51.2880451],[4.4476316,51.2881904],[4.4473945,51.2881229],[4.4474229,51.2880841],[4.4474177,51.2880826],[4.4474223,51.2880762],[4.4474268,51.2880701],[4.4474568,51.2880787],[4.4474692,51.2880617],[4.4474445,51.2880546],[4.4474674,51.2880234]]}},{"type":"Feature","id":"way/1031001974","properties":{"layer":"building"},"geometry":{"type":"LineString","coordinates":[[4.4415098,51.2930167],[4.4415279,51.2929925],[4.4415724,51.2930056],[4.4415703,51.2930085],[4.4415543,51.2930298],[4.4415098,51.2930167]]}},{"type":"Feature","id":"way/1031001975","properties":{"layer":"building"},"geometry":{"type":"LineString","coordinates":[[4.4417653,51.2931613],[4.4418096,51.2931063],[4.4419006,51.293135],[4.441866,51.2931781],[4.4418546,51.2931745],[4.441845,51.2931864],[4.4417653,51.2931613]]}},{"type":"Feature","id":"way/1031001976","properties":{"layer":"building"},"geometry":{"type":"LineString","coordinates":[[4.4431482,51.292058],[4.4431706,51.2920325],[4.443345,51.2920836],[4.4433253,51.2921104],[4.4431482,51.292058]]}},{"type":"Feature","id":"way/1031001977","properties":{"layer":"building"},"geometry":{"type":"LineString","coordinates":[[4.4431267,51.2920837],[4.4431482,51.292058],[4.4433253,51.2921104],[4.4433066,51.2921359],[4.4432489,51.2921186],[4.4431267,51.2920837]]}},{"type":"Feature","id":"way/1031001978","properties":{"layer":"building"},"geometry":{"type":"LineString","coordinates":[[4.4413805,51.2928047],[4.4413687,51.2928184],[4.4413292,51.2928638],[4.4413147,51.2928806],[4.4412346,51.2928529],[4.4412757,51.2928074],[4.4412891,51.2927927],[4.4413018,51.2927786],[4.4413805,51.2928047]]}},{"type":"Feature","id":"way/1031001979","properties":{"layer":"building"},"geometry":{"type":"LineString","coordinates":[[4.4413018,51.2927786],[4.4413197,51.2927581],[4.441344,51.29273],[4.4414283,51.2927577],[4.4413853,51.2928063],[4.4413805,51.2928047],[4.4413018,51.2927786]]}},{"type":"Feature","id":"way/1031001980","properties":{"layer":"building"},"geometry":{"type":"LineString","coordinates":[[4.4417314,51.2928846],[4.4417581,51.2928571],[4.4417767,51.2928638],[4.4418022,51.2928729],[4.4417747,51.2929012],[4.4417314,51.2928846]]}},{"type":"Feature","id":"way/1031001981","properties":{"layer":"building"},"geometry":{"type":"LineString","coordinates":[[4.4414602,51.292691],[4.4414808,51.292666],[4.4415616,51.2926947],[4.4415403,51.2927187],[4.4414602,51.292691]]}},{"type":"Feature","id":"way/1031001982","properties":{"layer":"building"},"geometry":{"type":"LineString","coordinates":[[4.442707,51.2928096],[4.442669,51.2928531],[4.4427079,51.2928665],[4.4426828,51.2928952],[4.4425713,51.292857],[4.4425933,51.2928315],[4.4425035,51.292801],[4.4425446,51.2927538],[4.442707,51.2928096]]}},{"type":"Feature","id":"way/1031001983","properties":{"layer":"building"},"geometry":{"type":"LineString","coordinates":[[4.4425446,51.2927538],[4.4425494,51.2927482],[4.4425858,51.2927067],[4.4426748,51.2927373],[4.4426955,51.2927133],[4.4428095,51.2927504],[4.4427848,51.2927786],[4.4427459,51.2927652],[4.442707,51.2928096],[4.4425446,51.2927538]]}},{"type":"Feature","id":"way/1031001984","properties":{"layer":"building"},"geometry":{"type":"LineString","coordinates":[[4.4428175,51.2925724],[4.4428596,51.2925231],[4.4430519,51.2925885],[4.4430424,51.2926025],[4.4430168,51.2926399],[4.4428843,51.292595],[4.4428175,51.2925724]]}},{"type":"Feature","id":"way/1031001985","properties":{"layer":"building"},"geometry":{"type":"LineString","coordinates":[[4.4423059,51.2924573],[4.4423543,51.2924234],[4.4423657,51.2924272],[4.4425125,51.2924768],[4.4424785,51.2925158],[4.4423754,51.2924834],[4.4423771,51.2924814],[4.4423059,51.2924573]]}},{"type":"Feature","id":"way/1031001986","properties":{"layer":"building"},"geometry":{"type":"LineString","coordinates":[[4.4420623,51.2926208],[4.4420908,51.2925904],[4.4421255,51.2926032],[4.4420975,51.292633],[4.4420623,51.2926208]]}},{"type":"Feature","id":"way/1031001987","properties":{"layer":"building"},"geometry":{"type":"LineString","coordinates":[[4.4430307,51.2924642],[4.4430534,51.2924375],[4.4431358,51.2924653],[4.443117,51.2924929],[4.4430307,51.2924642]]}},{"type":"Feature","id":"way/1031001988","properties":{"layer":"building"},"geometry":{"type":"LineString","coordinates":[[4.4423426,51.2923144],[4.4423133,51.2923487],[4.4422371,51.2923232],[4.4422664,51.2922888],[4.4423426,51.2923144]]}},{"type":"Feature","id":"way/1031001989","properties":{"layer":"building"},"geometry":{"type":"LineString","coordinates":[[4.4421621,51.2922288],[4.4421826,51.2922047],[4.4422402,51.2922241],[4.4422196,51.2922481],[4.4421621,51.2922288]]}},{"type":"Feature","id":"way/1031001990","properties":{"layer":"building"},"geometry":{"type":"LineString","coordinates":[[4.4421472,51.2921783],[4.442177,51.2921453],[4.4422312,51.2921645],[4.4422014,51.2921975],[4.4421472,51.2921783]]}},{"type":"Feature","id":"way/1031001991","properties":{"layer":"building"},"geometry":{"type":"LineString","coordinates":[[4.442282,51.2922365],[4.4423214,51.2921911],[4.442435,51.2922277],[4.4423937,51.2922751],[4.442282,51.2922365]]}},{"type":"Feature","id":"way/1031001992","properties":{"layer":"building"},"geometry":{"type":"LineString","coordinates":[[4.4424823,51.2921795],[4.4425231,51.2921928],[4.4424858,51.2922378],[4.4424441,51.2922236],[4.4424823,51.2921795]]}},{"type":"Feature","id":"way/1031001993","properties":{"layer":"building"},"geometry":{"type":"LineString","coordinates":[[4.4424991,51.2922418],[4.4425292,51.292207],[4.4426598,51.2922481],[4.4426309,51.292283],[4.4424991,51.2922418]]}},{"type":"Feature","id":"way/1031001994","properties":{"layer":"building"},"geometry":{"type":"LineString","coordinates":[[4.443028,51.2921964],[4.4430469,51.2921748],[4.4432692,51.2922386],[4.4433046,51.2922487],[4.4432853,51.2922716],[4.443028,51.2921964]]}},{"type":"Feature","id":"way/1031001995","properties":{"layer":"building"},"geometry":{"type":"LineString","coordinates":[[4.4432692,51.2922386],[4.4432999,51.2921948],[4.4434577,51.2922385],[4.4435047,51.2922516],[4.4434718,51.2922967],[4.443451,51.2922908],[4.4433046,51.2922487],[4.4432692,51.2922386]]}},{"type":"Feature","id":"way/1031001996","properties":{"layer":"building"},"geometry":{"type":"LineString","coordinates":[[4.4435079,51.2919344],[4.4434904,51.2919286],[4.4435092,51.2919043],[4.4435994,51.2919323],[4.4435803,51.2919586],[4.4435079,51.2919344]]}},{"type":"Feature","id":"way/1031001997","properties":{"layer":"building"},"geometry":{"type":"LineString","coordinates":[[4.4435875,51.291797],[4.4436071,51.2917697],[4.4437427,51.2918079],[4.4437231,51.2918352],[4.4435875,51.291797]]}},{"type":"Feature","id":"way/1031001998","properties":{"layer":"building"},"geometry":{"type":"LineString","coordinates":[[4.4436999,51.291945],[4.4437212,51.2919158],[4.443814,51.291942],[4.4437929,51.2919713],[4.4436999,51.291945]]}},{"type":"Feature","id":"way/1031001999","properties":{"layer":"building"},"geometry":{"type":"LineString","coordinates":[[4.4435803,51.2919586],[4.443548,51.2920031],[4.4434741,51.2919808],[4.4435079,51.2919344],[4.4435803,51.2919586]]}},{"type":"Feature","id":"way/1031002000","properties":{"layer":"building"},"geometry":{"type":"LineString","coordinates":[[4.4426717,51.2919611],[4.4427171,51.2919087],[4.4428225,51.2919451],[4.4428053,51.291965],[4.4427464,51.2919457],[4.4427194,51.2919771],[4.4426717,51.2919611]]}},{"type":"Feature","id":"way/1031002001","properties":{"layer":"building","name":"Academie Ekeren"},"geometry":{"type":"LineString","coordinates":[[4.4427506,51.2917176],[4.442766,51.2917233],[4.442796,51.2917551],[4.4427693,51.2917857],[4.4427624,51.2917844],[4.4427551,51.2917855],[4.4427768,51.2918079],[4.4427578,51.2918322],[4.4427151,51.2918335],[4.4427084,51.2918416],[4.4427301,51.2918654],[4.4427096,51.2918878],[4.4426695,51.2918893],[4.4426634,51.2918963],[4.4426844,51.2919197],[4.4426658,51.291943],[4.4426233,51.2919438],[4.4426174,51.2919513],[4.4426398,51.2919745],[4.4426199,51.2919976],[4.4425779,51.2919988],[4.4425563,51.2919757],[4.4425293,51.2919673],[4.4425443,51.2919494],[4.4427399,51.2917166],[4.4427487,51.2917197],[4.4427506,51.2917176]]}},{"type":"Feature","id":"way/1031002002","properties":{"layer":"building"},"geometry":{"type":"LineString","coordinates":[[4.4424441,51.2922236],[4.4420822,51.2921007],[4.442179,51.2919893],[4.4424365,51.2920777],[4.4424771,51.2920257],[4.442515,51.2920383],[4.4424465,51.2921183],[4.4425144,51.2921426],[4.4424823,51.2921795],[4.4424441,51.2922236]]}},{"type":"Feature","id":"way/1031006968","properties":{"layer":"building"},"geometry":{"type":"LineString","coordinates":[[4.4408275,51.288643],[4.4409883,51.2885475],[4.4410678,51.2885998],[4.4409069,51.2886953],[4.4408275,51.288643]]}},{"type":"Feature","id":"way/1031006969","properties":{"layer":"building"},"geometry":{"type":"LineString","coordinates":[[4.4415595,51.2880923],[4.4415322,51.2880676],[4.4415564,51.2880571],[4.44154,51.2880423],[4.4415159,51.2880527],[4.4414612,51.2880033],[4.441697,51.2879005],[4.4417388,51.2879382],[4.4417419,51.2879411],[4.4417951,51.287989],[4.4415595,51.2880923]]}},{"type":"Feature","id":"way/1031006970","properties":{"layer":"building"},"geometry":{"type":"LineString","coordinates":[[4.4417951,51.287989],[4.4418593,51.2880469],[4.4418268,51.2880596],[4.4418778,51.2881076],[4.4418423,51.2881231],[4.441878,51.2881573],[4.4418206,51.2881822],[4.4417552,51.2882095],[4.4417183,51.2881758],[4.4416738,51.288195],[4.4416042,51.2881328],[4.4416283,51.2881222],[4.4416113,51.288107],[4.4415873,51.2881173],[4.4415595,51.2880923],[4.4417951,51.287989]]}},{"type":"Feature","id":"way/1031006971","properties":{"layer":"building"},"geometry":{"type":"LineString","coordinates":[[4.4407264,51.2881782],[4.4407744,51.2881562],[4.4407555,51.2881392],[4.4408864,51.2880819],[4.4409727,51.2881591],[4.440849,51.2882134],[4.4408365,51.2882022],[4.4407799,51.2882261],[4.4407264,51.2881782]]}},{"type":"Feature","id":"way/1031006972","properties":{"layer":"building"},"geometry":{"type":"LineString","coordinates":[[4.4404718,51.2879487],[4.4405887,51.2878754],[4.4406382,51.287907],[4.4406684,51.2878876],[4.4406811,51.2878875],[4.4407104,51.2879079],[4.4407278,51.2878963],[4.4407522,51.2878968],[4.4407773,51.2879128],[4.4407769,51.287927],[4.4406487,51.2880065],[4.4406486,51.2880121],[4.4406472,51.288015],[4.4406448,51.2880174],[4.4406406,51.2880201],[4.4406384,51.2880213],[4.4406354,51.2880223],[4.440632,51.2880232],[4.4406294,51.2880236],[4.4406247,51.2880237],[4.440621,51.2880235],[4.4406185,51.288023],[4.4406159,51.2880222],[4.440613,51.2880208],[4.4406105,51.2880192],[4.440608,51.2880157],[4.4406064,51.2880096],[4.4405888,51.2879982],[4.4405692,51.2880102],[4.4404718,51.2879487]]}},{"type":"Feature","id":"way/1031006981","properties":{"layer":"building"},"geometry":{"type":"LineString","coordinates":[[4.439091,51.2880927],[4.439131,51.28804],[4.4392176,51.2880659],[4.4391777,51.2881186],[4.439091,51.2880927]]}},{"type":"Feature","id":"way/1031006988","properties":{"layer":"building"},"geometry":{"type":"LineString","coordinates":[[4.439181,51.288195],[4.4392037,51.2881615],[4.4392803,51.288182],[4.4392576,51.2882155],[4.439181,51.288195]]}},{"type":"Feature","id":"way/1034122924","properties":{"layer":"building","name":"Lukoil"},"geometry":{"type":"LineString","coordinates":[[4.4450807,51.2903381],[4.4452229,51.2903809],[4.4452417,51.2903583],[4.4452926,51.2903734],[4.4453382,51.2903121],[4.4452873,51.2902979],[4.445302,51.2902752],[4.4451988,51.2902459],[4.4451237,51.2902786],[4.4450807,51.2903381]]}},{"type":"Feature","id":"way/1046499362","properties":{"layer":"road","name":"Leopoldlei","highway":"residential"},"geometry":{"type":"LineString","coordinates":[[4.4401534,51.2930498],[4.4398086,51.2938953],[4.4397838,51.2939561]]}},{"type":"Feature","id":"way/1046499363","properties":{"layer":"road","name":"Frans Standaertlei","highway":"residential"},"geometry":{"type":"LineString","coordinates":[[4.4401534,51.2930498],[4.4417613,51.2935067]]}},{"type":"Feature","id":"way/1046499364","properties":{"layer":"road","name":"Van De Weyngaertplein","highway":"residential"},"geometry":{"type":"LineString","coordinates":[[4.4395683,51.2938865],[4.4397838,51.2939561]]}},{"type":"Feature","id":"way/1046499367","properties":{"layer":"road","name":"Bist","highway":"residential"},"geometry":{"type":"LineString","coordinates":[[4.441982,51.2886847],[4.4429109,51.2894825],[4.4430251,51.289557],[4.4431677,51.2896264]]}},{"type":"Feature","id":"way/1046499371","properties":{"layer":"road","name":"Van de Weyngaardplein","highway":"unclassified"},"geometry":{"type":"LineString","coordinates":[[4.4392451,51.2942779],[4.4396443,51.2942089],[4.4395683,51.2938865]]}},{"type":"Feature","id":"way/1063551799","properties":{"layer":"road","highway":"service"},"geometry":{"type":"LineString","coordinates":[[4.446484,51.2889132],[4.4450981,51.2885206],[4.4450574,51.2884748],[4.4453704,51.2880223]]}},{"type":"Feature","id":"way/1070667653","properties":{"layer":"road","highway":"residential"},"geometry":{"type":"LineString","coordinates":[[4.4375248,51.2887079],[4.4382028,51.288941]]}},{"type":"Feature","id":"way/1221015858","properties":{"layer":"road","name":"Sint-Antoniuslei","highway":"residential"},"geometry":{"type":"LineString","coordinates":[[4.4454863,51.2936647],[4.4454568,51.2936115],[4.4447443,51.2923267],[4.4446248,51.2921114],[4.4446202,51.292103]]}},{"type":"Feature","id":"way/1306304795","properties":{"layer":"road","highway":"service"},"geometry":{"type":"LineString","coordinates":[[4.4386829,51.2940806],[4.4387141,51.2940352],[4.4387966,51.2939325],[4.4389408,51.2937531],[4.4389791,51.2937126]]}},{"type":"Feature","id":"way/1361504736","properties":{"layer":"road","highway":"residential"},"geometry":{"type":"LineString","coordinates":[[4.445534,51.2912714],[4.4456342,51.2912499],[4.4458045,51.2910402]]}},{"type":"Feature","id":"way/1451977288","properties":{"layer":"road","highway":"service"},"geometry":{"type":"LineString","coordinates":[[4.4452876,51.2922148],[4.4448551,51.2920461]]}},{"type":"Feature","id":"way/1464095439","properties":{"layer":"road","highway":"service"},"geometry":{"type":"LineString","coordinates":[[4.4457777,51.2916348],[4.4461042,51.2911973]]}},{"type":"Feature","id":"way/1464168618","properties":{"layer":"building"},"geometry":{"type":"LineString","coordinates":[[4.4447313,51.2916046],[4.4447876,51.2915246],[4.4448736,51.2915468],[4.4449348,51.2915621],[4.445066,51.2915971],[4.4450075,51.2916812],[4.4449874,51.2916766],[4.4447313,51.2916046]]}},{"type":"Feature","id":"way/1540768123","properties":{"layer":"building"},"geometry":{"type":"LineString","coordinates":[[4.4443481,51.2913512],[4.4443659,51.2913253],[4.4444465,51.2913469],[4.4444595,51.2913504],[4.4444416,51.2913764],[4.4443481,51.2913512]]}}]}